/*******************************************************************************
 * Size: 24 px
 * Bpp: 8
 * Opts: --bpp 8 --size 24 --no-compress --font ..\Black_Ops_One\BlackOpsOne-Regular.ttf --range 32-127 --format lvgl
 ******************************************************************************/

#ifdef __has_include
    #if __has_include("lvgl.h")
        #ifndef LV_LVGL_H_INCLUDE_SIMPLE
            #define LV_LVGL_H_INCLUDE_SIMPLE
        #endif
    #endif
#endif

#ifdef LV_LVGL_H_INCLUDE_SIMPLE
    #include "lvgl.h"
#else
    #include "lvgl.h"
#endif

#ifndef UI_FONT_ROBOT_FONTS24
#define UI_FONT_ROBOT_FONTS24 1
#endif

#if UI_FONT_ROBOT_FONTS24

/*-----------------
 *    BITMAPS
 *----------------*/

/*Store the image of the glyphs*/
static LV_ATTRIBUTE_LARGE_CONST const uint8_t glyph_bitmap[] = {
    /* U+0020 " " */

    /* U+0021 "!" */
    0x51, 0xff, 0xff, 0xff, 0xff, 0xff, 0x27, 0x49,
    0xff, 0xff, 0xff, 0xff, 0xff, 0x20, 0x42, 0xff,
    0xff, 0xff, 0xff, 0xff, 0x18, 0x3a, 0xff, 0xff,
    0xff, 0xff, 0xff, 0x10, 0x33, 0xff, 0xff, 0xff,
    0xff, 0xff, 0x8, 0x2c, 0xff, 0xff, 0xff, 0xff,
    0xff, 0x1, 0x24, 0xff, 0xff, 0xff, 0xff, 0xf9,
    0x0, 0x1d, 0xff, 0xff, 0xff, 0xff, 0xf1, 0x0,
    0x15, 0xff, 0xff, 0xff, 0xff, 0xe9, 0x0, 0xe,
    0xff, 0xff, 0xff, 0xff, 0xe2, 0x0, 0x6, 0xd4,
    0xd4, 0xd4, 0xd4, 0xb5, 0x0, 0x0, 0x0, 0x0,
    0x0, 0x0, 0x0, 0x0, 0x22, 0xc8, 0xc8, 0xc8,
    0xc8, 0xc8, 0x3, 0x2c, 0xff, 0xff, 0xff, 0xff,
    0xff, 0x4, 0x2c, 0xff, 0xff, 0xff, 0xff, 0xff,
    0x4, 0x2c, 0xff, 0xff, 0xff, 0xff, 0xff, 0x4,

    /* U+0022 "\"" */
    0xd8, 0xff, 0xff, 0xff, 0xe6, 0x0, 0x0, 0xfb,
    0xff, 0xff, 0xff, 0xc2, 0xc7, 0xff, 0xff, 0xff,
    0xd5, 0x0, 0x0, 0xeb, 0xff, 0xff, 0xff, 0xb1,
    0xb6, 0xff, 0xff, 0xff, 0xc4, 0x0, 0x0, 0xda,
    0xff, 0xff, 0xff, 0xa0, 0xa5, 0xff, 0xff, 0xff,
    0xb3, 0x0, 0x0, 0xc9, 0xff, 0xff, 0xff, 0x8f,
    0x95, 0xff, 0xff, 0xff, 0xa1, 0x0, 0x0, 0xb9,
    0xff, 0xff, 0xff, 0x7d, 0x84, 0xff, 0xff, 0xff,
    0x90, 0x0, 0x0, 0xa8, 0xff, 0xff, 0xff, 0x6c,
    0x73, 0xff, 0xff, 0xff, 0x7f, 0x0, 0x0, 0x97,
    0xff, 0xff, 0xff, 0x5b, 0x62, 0xff, 0xff, 0xff,
    0x6e, 0x0, 0x0, 0x86, 0xff, 0xff, 0xff, 0x4a,
    0x9, 0x1c, 0x1c, 0x1c, 0xa, 0x0, 0x0, 0xd,
    0x1c, 0x1c, 0x1c, 0x7,

    /* U+0023 "#" */
    0x0, 0x0, 0x0, 0x0, 0xe1, 0xff, 0xe7, 0x0,
    0x0, 0x0, 0xc7, 0xff, 0xfe, 0x4, 0x0, 0x0,
    0x0, 0x0, 0x0, 0x0, 0xf8, 0xff, 0xcf, 0x0,
    0x0, 0x0, 0xdd, 0xff, 0xe9, 0x0, 0x0, 0x0,
    0x0, 0x0, 0x0, 0x10, 0xff, 0xff, 0xb7, 0x0,
    0x0, 0x0, 0xf2, 0xff, 0xd0, 0x0, 0x0, 0x0,
    0x14, 0xff, 0xff, 0xff, 0xff, 0xff, 0xff, 0xff,
    0xff, 0x2b, 0xff, 0xff, 0xff, 0xff, 0xff, 0xaf,
    0x2a, 0xff, 0xff, 0xff, 0xff, 0xff, 0xff, 0xff,
    0xff, 0x2a, 0xff, 0xff, 0xff, 0xff, 0xff, 0x98,
    0x38, 0xe8, 0xe8, 0xf0, 0xff, 0xff, 0xf2, 0xe8,
    0xdf, 0x33, 0xff, 0xff, 0xf4, 0xe8, 0xe8, 0x76,
    0x0, 0x0, 0x0, 0x67, 0xff, 0xff, 0x61, 0x0,
    0x0, 0x48, 0xff, 0xff, 0x7d, 0x0, 0x0, 0x0,
    0x0, 0x0, 0x0, 0x7a, 0xff, 0xff, 0x51, 0x0,
    0x0, 0x5e, 0xff, 0xff, 0x6b, 0x0, 0x0, 0x0,
    0x0, 0x0, 0x0, 0x8c, 0xff, 0xff, 0x40, 0x0,
    0x0, 0x73, 0xff, 0xff, 0x5a, 0x0, 0x0, 0x0,
    0x0, 0x0, 0x0, 0x9f, 0xff, 0xff, 0x30, 0x0,
    0x0, 0x89, 0xff, 0xff, 0x48, 0x0, 0x0, 0x0,
    0x9f, 0xff, 0xff, 0xff, 0xff, 0xff, 0xff, 0xff,
    0x95, 0x9e, 0xff, 0xff, 0xff, 0xff, 0xff, 0x24,
    0xb3, 0xff, 0xff, 0xff, 0xff, 0xff, 0xff, 0xff,
    0x80, 0xb4, 0xff, 0xff, 0xff, 0xff, 0xff, 0xe,
    0xb4, 0xe8, 0xe8, 0xfd, 0xff, 0xfd, 0xe8, 0xe8,
    0x62, 0xc9, 0xff, 0xff, 0xe8, 0xe8, 0xe2, 0x0,
    0x0, 0x0, 0x0, 0xef, 0xff, 0xd9, 0x0, 0x0,
    0x0, 0xdf, 0xff, 0xf1, 0x0, 0x0, 0x0, 0x0,
    0x0, 0x0, 0x7, 0xff, 0xff, 0xc0, 0x0, 0x0,
    0x0, 0xf4, 0xff, 0xd8, 0x0, 0x0, 0x0, 0x0,
    0x0, 0x0, 0x20, 0xff, 0xff, 0xa8, 0x0, 0x0,
    0x9, 0xff, 0xff, 0xc0, 0x0, 0x0, 0x0, 0x0,

    /* U+0024 "$" */
    0x0, 0x0, 0x0, 0x0, 0x0, 0x0, 0x54, 0xff,
    0xff, 0xff, 0x2c, 0x0, 0x0, 0x0, 0x0, 0x0,
    0x0, 0x0, 0x0, 0x0, 0x0, 0x0, 0x54, 0xff,
    0xff, 0xff, 0x2c, 0x0, 0x0, 0x0, 0x0, 0x0,
    0x0, 0x0, 0x5, 0xaf, 0xff, 0xe0, 0x54, 0xff,
    0xff, 0xff, 0xff, 0xff, 0xed, 0x32, 0x0, 0x0,
    0x0, 0x5, 0xb0, 0xff, 0xff, 0xe0, 0x54, 0xff,
    0xff, 0xff, 0xff, 0xff, 0xff, 0xee, 0x34, 0x0,
    0x6, 0xb1, 0xff, 0xff, 0xff, 0xe0, 0x54, 0xff,
    0xff, 0xff, 0xff, 0xff, 0xff, 0xff, 0xf0, 0x36,
    0x4b, 0xff, 0xff, 0xff, 0xff, 0xe0, 0x6, 0x14,
    0x14, 0x14, 0x7e, 0xff, 0xff, 0xff, 0xff, 0xbb,
    0x4c, 0xff, 0xff, 0xff, 0xff, 0xe0, 0x0, 0x0,
    0x0, 0x0, 0x65, 0xe0, 0xe0, 0xe0, 0xe0, 0xa4,
    0x4c, 0xff, 0xff, 0xff, 0xff, 0xe0, 0x0, 0x0,
    0x0, 0x0, 0x0, 0x0, 0x0, 0x0, 0x0, 0x0,
    0xc, 0xc7, 0xff, 0xff, 0xff, 0xff, 0xff, 0xff,
    0xff, 0xff, 0xff, 0xff, 0xec, 0x2c, 0x0, 0x0,
    0x0, 0x10, 0xcf, 0xff, 0xff, 0xff, 0xff, 0xff,
    0xff, 0xff, 0xff, 0xff, 0xff, 0xe7, 0x25, 0x0,
    0x0, 0x0, 0x15, 0xd8, 0xff, 0xff, 0xff, 0xff,
    0xff, 0xff, 0xff, 0xff, 0xff, 0xff, 0xe1, 0x1e,
    0x0, 0x0, 0x0, 0x16, 0x44, 0x44, 0x44, 0x44,
    0x44, 0x44, 0x99, 0xff, 0xff, 0xff, 0xff, 0xb3,
    0x0, 0x0, 0x0, 0x0, 0x0, 0x0, 0x0, 0x0,
    0x0, 0x0, 0x74, 0xff, 0xff, 0xff, 0xff, 0xbc,
    0x42, 0xe0, 0xe0, 0xe0, 0xe0, 0xc4, 0x0, 0x0,
    0x0, 0x0, 0x74, 0xff, 0xff, 0xff, 0xff, 0xbc,
    0x48, 0xff, 0xff, 0xff, 0xff, 0xe5, 0x28, 0x28,
    0x28, 0x1e, 0x74, 0xff, 0xff, 0xff, 0xff, 0xb8,
    0x2, 0xa4, 0xff, 0xff, 0xff, 0xff, 0xff, 0xff,
    0xff, 0xc0, 0x74, 0xff, 0xff, 0xff, 0xea, 0x2b,
    0x0, 0x3, 0xa9, 0xff, 0xff, 0xff, 0xff, 0xff,
    0xff, 0xc0, 0x74, 0xff, 0xff, 0xec, 0x2e, 0x0,
    0x0, 0x0, 0x4, 0xad, 0xff, 0xff, 0xff, 0xff,
    0xff, 0xc0, 0x74, 0xff, 0xed, 0x30, 0x0, 0x0,
    0x0, 0x0, 0x0, 0x0, 0x0, 0x0, 0xc8, 0xff,
    0xff, 0xc0, 0x0, 0x0, 0x0, 0x0, 0x0, 0x0,
    0x0, 0x0, 0x0, 0x0, 0x0, 0x0, 0xc8, 0xff,
    0xff, 0xc0, 0x0, 0x0, 0x0, 0x0, 0x0, 0x0,

    /* U+0025 "%" */
    0x0, 0x0, 0x0, 0x0, 0x0, 0x0, 0x0, 0x0,
    0x0, 0x0, 0x0, 0x0, 0x0, 0x0, 0x41, 0xff,
    0xff, 0xae, 0x0, 0x0, 0x0, 0x0, 0x0, 0x0,
    0x0, 0x0, 0x0, 0x0, 0x0, 0x0, 0x0, 0x0,
    0x0, 0x0, 0x0, 0x0, 0x0, 0x0, 0x0, 0x0,
    0x9b, 0xff, 0xff, 0x55, 0x0, 0x0, 0x0, 0x0,
    0x0, 0x0, 0x0, 0x0, 0x0, 0x0, 0x41, 0xf6,
    0xff, 0x94, 0x9c, 0xff, 0xf5, 0x3d, 0x0, 0x0,
    0x0, 0x5, 0xee, 0xff, 0xf2, 0x9, 0x0, 0x0,
    0x0, 0x0, 0x0, 0x0, 0x0, 0x0, 0x0, 0x3b,
    0xf4, 0xff, 0xff, 0x94, 0x9c, 0xff, 0xff, 0xf2,
    0x38, 0x0, 0x0, 0x4e, 0xff, 0xff, 0xa1, 0x0,
    0x0, 0x0, 0x0, 0x0, 0x0, 0x0, 0x0, 0x0,
    0xc, 0xf1, 0xff, 0xff, 0xe6, 0x3e, 0x41, 0xe8,
    0xff, 0xff, 0xf0, 0x9, 0x0, 0xa7, 0xff, 0xff,
    0x47, 0x0, 0x0, 0x0, 0x0, 0x0, 0x0, 0x0,
    0x0, 0x0, 0x14, 0xff, 0xff, 0xff, 0xd4, 0x0,
    0x0, 0xd8, 0xff, 0xff, 0xff, 0x10, 0xb, 0xf5,
    0xff, 0xea, 0x4, 0x0, 0x0, 0x0, 0x0, 0x0,
    0x0, 0x0, 0x0, 0x0, 0x14, 0xff, 0xff, 0xff,
    0xd4, 0x0, 0x0, 0xd8, 0xff, 0xff, 0xff, 0x10,
    0x5a, 0xff, 0xff, 0x94, 0x0, 0x0, 0x0, 0x0,
    0x0, 0x0, 0x0, 0x0, 0x0, 0x0, 0x14, 0xff,
    0xff, 0xff, 0xd4, 0x0, 0x0, 0xd8, 0xff, 0xff,
    0xff, 0x10, 0xb4, 0xff, 0xff, 0x3a, 0x0, 0x0,
    0x0, 0x0, 0x0, 0x0, 0x0, 0x0, 0x0, 0x0,
    0xb, 0xef, 0xff, 0xff, 0xe6, 0x3e, 0x41, 0xe8,
    0xff, 0xff, 0xed, 0x1c, 0xfa, 0xff, 0xdf, 0x1,
    0x0, 0x0, 0x0, 0x0, 0x0, 0x0, 0x0, 0x0,
    0x0, 0x0, 0x0, 0x38, 0xf3, 0xff, 0xff, 0x94,
    0x9c, 0xff, 0xff, 0xf1, 0x35, 0x67, 0xff, 0xff,
    0x87, 0x0, 0x38, 0xf3, 0xff, 0x9c, 0x90, 0xff,
    0xf8, 0x46, 0x0, 0x0, 0x0, 0x0, 0x3f, 0xf6,
    0xff, 0x94, 0x9c, 0xff, 0xf5, 0x3c, 0x0, 0xc1,
    0xff, 0xff, 0x2d, 0x33, 0xf0, 0xff, 0xff, 0x9c,
    0x90, 0xff, 0xff, 0xf6, 0x3e, 0x0, 0x0, 0x0,
    0x0, 0x0, 0x0, 0x0, 0x0, 0x0, 0x0, 0x0,
    0x1c, 0xfe, 0xff, 0xd3, 0x4, 0xed, 0xff, 0xff,
    0xeb, 0x41, 0x3c, 0xe1, 0xff, 0xff, 0xf2, 0xf,
    0x0, 0x0, 0x0, 0x0, 0x0, 0x0, 0x0, 0x0,
    0x0, 0x0, 0x74, 0xff, 0xff, 0x79, 0x8, 0xff,
    0xff, 0xff, 0xdc, 0x0, 0x0, 0xcc, 0xff, 0xff,
    0xff, 0x18, 0x0, 0x0, 0x0, 0x0, 0x0, 0x0,
    0x0, 0x0, 0x0, 0x0, 0xcd, 0xff, 0xff, 0x21,
    0x8, 0xff, 0xff, 0xff, 0xdc, 0x0, 0x0, 0xcc,
    0xff, 0xff, 0xff, 0x18, 0x0, 0x0, 0x0, 0x0,
    0x0, 0x0, 0x0, 0x0, 0x0, 0x27, 0xff, 0xff,
    0xc6, 0x0, 0x8, 0xff, 0xff, 0xff, 0xdc, 0x0,
    0x0, 0xcc, 0xff, 0xff, 0xff, 0x18, 0x0, 0x0,
    0x0, 0x0, 0x0, 0x0, 0x0, 0x0, 0x0, 0x80,
    0xff, 0xff, 0x6c, 0x0, 0x4, 0xea, 0xff, 0xff,
    0xeb, 0x41, 0x3c, 0xe1, 0xff, 0xff, 0xf0, 0xe,
    0x0, 0x0, 0x0, 0x0, 0x0, 0x0, 0x0, 0x0,
    0x0, 0xd9, 0xff, 0xfc, 0x16, 0x0, 0x0, 0x30,
    0xef, 0xff, 0xff, 0x9c, 0x90, 0xff, 0xff, 0xf5,
    0x3b, 0x0, 0x0, 0x0, 0x0, 0x0, 0x0, 0x0,
    0x0, 0x0, 0x34, 0xff, 0xff, 0xb9, 0x0, 0x0,
    0x0, 0x0, 0x37, 0xf3, 0xff, 0x9c, 0x90, 0xff,
    0xf8, 0x44, 0x0, 0x0, 0x0, 0x0, 0x0, 0x0,
    0x0, 0x0, 0x0, 0x0, 0x8d, 0xff, 0xff, 0x5f,
    0x0, 0x0, 0x0, 0x0, 0x0, 0x0, 0x0, 0x0,
    0x0, 0x0, 0x0, 0x0, 0x0, 0x0, 0x0, 0x0,
    0x0, 0x0, 0x0, 0x0, 0x0, 0x2, 0xe4, 0xff,
    0xf7, 0xe, 0x0, 0x0, 0x0, 0x0, 0x0, 0x0,
    0x0, 0x0, 0x0, 0x0, 0x0, 0x0, 0x0, 0x0,
    0x0, 0x0, 0x0, 0x0, 0x0, 0x0, 0x0, 0x15,
    0x80, 0x80, 0x61, 0x0, 0x0, 0x0, 0x0, 0x0,
    0x0, 0x0, 0x0, 0x0, 0x0, 0x0, 0x0, 0x0,
    0x0, 0x0,

    /* U+0026 "&" */
    0x0, 0x0, 0x0, 0x0, 0x7f, 0xff, 0xff, 0x54,
    0xdc, 0xff, 0xff, 0xff, 0xce, 0x10, 0x0, 0x0,
    0x0, 0x0, 0x0, 0x0, 0x0, 0x74, 0xff, 0xff,
    0xff, 0x54, 0xdc, 0xff, 0xff, 0xff, 0xff, 0xc7,
    0xc, 0x0, 0x0, 0x0, 0x0, 0x0, 0x63, 0xff,
    0xff, 0xff, 0xff, 0x54, 0xdc, 0xff, 0xff, 0xff,
    0xff, 0xff, 0xc0, 0x0, 0x0, 0x0, 0x0, 0x0,
    0xa8, 0xff, 0xff, 0xff, 0xff, 0x54, 0x37, 0x40,
    0xe5, 0xff, 0xff, 0xff, 0xff, 0x0, 0x0, 0x0,
    0x0, 0x0, 0xa8, 0xff, 0xff, 0xff, 0xff, 0x93,
    0x0, 0x0, 0xb9, 0xd8, 0xd8, 0xd8, 0xd8, 0x0,
    0x0, 0x0, 0x0, 0x0, 0x56, 0xff, 0xff, 0xff,
    0xff, 0xff, 0x65, 0x0, 0x0, 0x0, 0x0, 0x0,
    0x0, 0x0, 0x0, 0x0, 0x0, 0x0, 0x0, 0x80,
    0xff, 0xff, 0xff, 0xff, 0xfb, 0x42, 0x0, 0x0,
    0x0, 0x0, 0x5c, 0x2f, 0x0, 0x0, 0x0, 0x0,
    0x57, 0x53, 0xa7, 0xff, 0xff, 0xff, 0xff, 0xee,
    0x27, 0x0, 0x4, 0x90, 0xff, 0xe3, 0x19, 0x0,
    0x0, 0x4e, 0xfb, 0xf5, 0x3b, 0xc8, 0xff, 0xff,
    0xff, 0xff, 0xdb, 0x2a, 0xc1, 0xff, 0xff, 0xff,
    0xcb, 0xa, 0x26, 0xf8, 0xff, 0xff, 0xe5, 0x32,
    0xe1, 0xff, 0xff, 0xff, 0xff, 0xfe, 0xff, 0xff,
    0xff, 0xff, 0xf1, 0x36, 0x3c, 0xff, 0xff, 0xff,
    0xff, 0x6c, 0x2e, 0xf3, 0xff, 0xff, 0xff, 0xff,
    0xff, 0xff, 0xff, 0xdd, 0x2a, 0x0, 0x3c, 0xff,
    0xff, 0xff, 0xff, 0x6c, 0x0, 0x4c, 0xfd, 0xff,
    0xff, 0xff, 0xff, 0xff, 0xbf, 0x13, 0x0, 0x0,
    0x3c, 0xff, 0xff, 0xff, 0xff, 0x7e, 0x20, 0x1e,
    0x73, 0xff, 0xff, 0xff, 0xff, 0xff, 0x57, 0x0,
    0x0, 0x0, 0x1a, 0xe7, 0xff, 0xff, 0xff, 0xff,
    0xff, 0xff, 0x64, 0x9b, 0xff, 0xff, 0xff, 0xff,
    0xf4, 0x30, 0x0, 0x0, 0x0, 0x29, 0xe9, 0xff,
    0xff, 0xff, 0xff, 0xff, 0xf9, 0x3f, 0xbe, 0xff,
    0xff, 0xff, 0xff, 0xe1, 0x17, 0x0, 0x0, 0x0,
    0x2d, 0xec, 0xff, 0xff, 0xff, 0xff, 0xff, 0xab,
    0x11, 0xda, 0xff, 0xff, 0xff, 0xff, 0xc6, 0x7,

    /* U+0027 "'" */
    0xd8, 0xff, 0xff, 0xff, 0xe6, 0xc7, 0xff, 0xff,
    0xff, 0xd5, 0xb6, 0xff, 0xff, 0xff, 0xc4, 0xa5,
    0xff, 0xff, 0xff, 0xb3, 0x95, 0xff, 0xff, 0xff,
    0xa1, 0x84, 0xff, 0xff, 0xff, 0x90, 0x73, 0xff,
    0xff, 0xff, 0x7f, 0x62, 0xff, 0xff, 0xff, 0x6e,
    0x9, 0x1c, 0x1c, 0x1c, 0xa,

    /* U+0028 "(" */
    0x0, 0x0, 0x2, 0xa8, 0xff, 0xff, 0xff, 0xcc,
    0x0, 0x0, 0x97, 0xff, 0xff, 0xff, 0xff, 0xcc,
    0x0, 0x86, 0xff, 0xff, 0xff, 0xff, 0xff, 0xcc,
    0x2d, 0xff, 0xff, 0xff, 0xff, 0xe7, 0x3c, 0x2f,
    0x34, 0xff, 0xff, 0xff, 0xff, 0xe0, 0x0, 0x0,
    0x34, 0xff, 0xff, 0xff, 0xff, 0xe0, 0x0, 0x0,
    0x34, 0xff, 0xff, 0xff, 0xff, 0xe0, 0x0, 0x0,
    0x34, 0xff, 0xff, 0xff, 0xff, 0xe0, 0x0, 0x0,
    0x34, 0xff, 0xff, 0xff, 0xff, 0xe0, 0x0, 0x0,
    0x34, 0xff, 0xff, 0xff, 0xff, 0xe0, 0x0, 0x0,
    0x34, 0xff, 0xff, 0xff, 0xff, 0xe0, 0x0, 0x0,
    0x34, 0xff, 0xff, 0xff, 0xff, 0xe0, 0x0, 0x0,
    0x34, 0xff, 0xff, 0xff, 0xff, 0xe0, 0x0, 0x0,
    0x34, 0xff, 0xff, 0xff, 0xff, 0xe0, 0x0, 0x0,
    0x34, 0xff, 0xff, 0xff, 0xff, 0xe0, 0x0, 0x0,
    0x34, 0xff, 0xff, 0xff, 0xff, 0xe0, 0x0, 0x0,
    0x2c, 0xff, 0xff, 0xff, 0xff, 0xe8, 0x40, 0x33,
    0x0, 0x83, 0xff, 0xff, 0xff, 0xff, 0xff, 0xcc,
    0x0, 0x0, 0x96, 0xff, 0xff, 0xff, 0xff, 0xcc,
    0x0, 0x0, 0x2, 0xa8, 0xff, 0xff, 0xff, 0xcc,

    /* U+0029 ")" */
    0x54, 0xff, 0xff, 0xff, 0xf0, 0x31, 0x0, 0x0,
    0x54, 0xff, 0xff, 0xff, 0xff, 0xea, 0x27, 0x0,
    0x54, 0xff, 0xff, 0xff, 0xff, 0xff, 0xe2, 0x1e,
    0x13, 0x3c, 0x8b, 0xff, 0xff, 0xff, 0xff, 0xa9,
    0x0, 0x0, 0x68, 0xff, 0xff, 0xff, 0xff, 0xb0,
    0x0, 0x0, 0x68, 0xff, 0xff, 0xff, 0xff, 0xb0,
    0x0, 0x0, 0x68, 0xff, 0xff, 0xff, 0xff, 0xb0,
    0x0, 0x0, 0x68, 0xff, 0xff, 0xff, 0xff, 0xb0,
    0x0, 0x0, 0x68, 0xff, 0xff, 0xff, 0xff, 0xb0,
    0x0, 0x0, 0x68, 0xff, 0xff, 0xff, 0xff, 0xb0,
    0x0, 0x0, 0x68, 0xff, 0xff, 0xff, 0xff, 0xb0,
    0x0, 0x0, 0x68, 0xff, 0xff, 0xff, 0xff, 0xb0,
    0x0, 0x0, 0x68, 0xff, 0xff, 0xff, 0xff, 0xb0,
    0x0, 0x0, 0x68, 0xff, 0xff, 0xff, 0xff, 0xb0,
    0x0, 0x0, 0x68, 0xff, 0xff, 0xff, 0xff, 0xb0,
    0x0, 0x0, 0x68, 0xff, 0xff, 0xff, 0xff, 0xb0,
    0x15, 0x40, 0x8e, 0xff, 0xff, 0xff, 0xff, 0xa8,
    0x54, 0xff, 0xff, 0xff, 0xff, 0xff, 0xe1, 0x1c,
    0x54, 0xff, 0xff, 0xff, 0xff, 0xe9, 0x26, 0x0,
    0x54, 0xff, 0xff, 0xff, 0xf1, 0x31, 0x0, 0x0,

    /* U+002A "*" */
    0x0, 0x0, 0x0, 0x0, 0x0, 0x4c, 0xff, 0xff,
    0x92, 0x0, 0x0, 0x0, 0x0, 0x0, 0x0, 0x0,
    0x0, 0x0, 0x0, 0x74, 0xff, 0xff, 0xb9, 0x0,
    0x0, 0x0, 0x0, 0x0, 0x0, 0x0, 0x0, 0x0,
    0x0, 0x9b, 0xff, 0xff, 0xdf, 0x0, 0x0, 0x0,
    0x0, 0x0, 0x0, 0x61, 0xcb, 0xa2, 0x79, 0xd4,
    0xff, 0xff, 0xfd, 0x71, 0x9a, 0xc5, 0xa9, 0x0,
    0x0, 0xb7, 0xff, 0xff, 0xff, 0xff, 0xff, 0xff,
    0xff, 0xff, 0xff, 0xff, 0xf8, 0xc, 0x5, 0xf3,
    0xff, 0xff, 0xff, 0xff, 0xff, 0xff, 0xff, 0xff,
    0xff, 0xff, 0xff, 0x48, 0x0, 0x24, 0xa8, 0xfe,
    0xff, 0xff, 0xff, 0xff, 0xff, 0xff, 0xff, 0xcd,
    0x48, 0x0, 0x0, 0x0, 0x0, 0x3f, 0xff, 0xff,
    0xff, 0xff, 0xff, 0xff, 0x85, 0x1, 0x0, 0x0,
    0x0, 0x0, 0x0, 0x7b, 0xff, 0xff, 0xff, 0xff,
    0xff, 0xff, 0xc3, 0x0, 0x0, 0x0, 0x0, 0x0,
    0xc, 0xec, 0xff, 0xff, 0xff, 0xf8, 0xff, 0xff,
    0xff, 0x43, 0x0, 0x0, 0x0, 0x0, 0x6d, 0xff,
    0xff, 0xff, 0x84, 0x3e, 0xf6, 0xff, 0xff, 0xbb,
    0x0, 0x0, 0x0, 0x0, 0xa, 0xa0, 0xff, 0x90,
    0x0, 0x0, 0x47, 0xf9, 0xd5, 0x2b, 0x0, 0x0,
    0x0, 0x0, 0x0, 0x0, 0x43, 0x1, 0x0, 0x0,
    0x0, 0x3a, 0xa, 0x0, 0x0, 0x0,

    /* U+002B "+" */
    0x0, 0x0, 0x0, 0x0, 0x0, 0xf, 0x10, 0xe,
    0x0, 0x0, 0x0, 0x0, 0x0, 0x0, 0x0, 0x0,
    0x0, 0x0, 0xf4, 0xff, 0xe0, 0x0, 0x0, 0x0,
    0x0, 0x0, 0x0, 0x0, 0x0, 0x0, 0x0, 0xf4,
    0xff, 0xe0, 0x0, 0x0, 0x0, 0x0, 0x0, 0x0,
    0x0, 0x0, 0x0, 0x0, 0xf4, 0xff, 0xe0, 0x0,
    0x0, 0x0, 0x0, 0x0, 0x0, 0x0, 0x0, 0x0,
    0x0, 0xf4, 0xff, 0xe0, 0x0, 0x0, 0x0, 0x0,
    0x0, 0x0, 0x0, 0x0, 0x0, 0x0, 0xf4, 0xff,
    0xe0, 0x0, 0x0, 0x0, 0x0, 0x0, 0xd0, 0xff,
    0xff, 0xff, 0xff, 0xff, 0xff, 0xff, 0xff, 0xff,
    0xff, 0xff, 0xb0, 0xd0, 0xff, 0xff, 0xff, 0xff,
    0xff, 0xff, 0xff, 0xff, 0xff, 0xff, 0xff, 0xb0,
    0xbf, 0xec, 0xec, 0xec, 0xec, 0xff, 0xff, 0xfd,
    0xec, 0xec, 0xec, 0xec, 0xa2, 0x0, 0x0, 0x0,
    0x0, 0x0, 0xf4, 0xff, 0xe0, 0x0, 0x0, 0x0,
    0x0, 0x0, 0x0, 0x0, 0x0, 0x0, 0x0, 0xf4,
    0xff, 0xe0, 0x0, 0x0, 0x0, 0x0, 0x0, 0x0,
    0x0, 0x0, 0x0, 0x0, 0xf4, 0xff, 0xe0, 0x0,
    0x0, 0x0, 0x0, 0x0, 0x0, 0x0, 0x0, 0x0,
    0x0, 0xf4, 0xff, 0xe0, 0x0, 0x0, 0x0, 0x0,
    0x0, 0x0, 0x0, 0x0, 0x0, 0x0, 0xf4, 0xff,
    0xe0, 0x0, 0x0, 0x0, 0x0, 0x0,

    /* U+002C "," */
    0x38, 0xc8, 0xc8, 0xc8, 0xc8, 0xb5, 0x48, 0xff,
    0xff, 0xff, 0xff, 0xe8, 0x48, 0xff, 0xff, 0xff,
    0xff, 0xe8, 0x48, 0xff, 0xff, 0xff, 0xff, 0xe8,
    0x0, 0x1a, 0xf8, 0xff, 0xff, 0x8e, 0x0, 0x8f,
    0xff, 0xff, 0xd5, 0x8, 0x14, 0xf5, 0xff, 0xfa,
    0x32, 0x0,

    /* U+002D "-" */
    0xbf, 0xec, 0xec, 0xec, 0xec, 0xec, 0xec, 0xec,
    0xec, 0xec, 0x7d, 0xd0, 0xff, 0xff, 0xff, 0xff,
    0xff, 0xff, 0xff, 0xff, 0xff, 0x88, 0xd0, 0xff,
    0xff, 0xff, 0xff, 0xff, 0xff, 0xff, 0xff, 0xff,
    0x88,

    /* U+002E "." */
    0x38, 0xc8, 0xc8, 0xc8, 0xc8, 0xb5, 0x48, 0xff,
    0xff, 0xff, 0xff, 0xe8, 0x48, 0xff, 0xff, 0xff,
    0xff, 0xe8, 0x48, 0xff, 0xff, 0xff, 0xff, 0xe8,

    /* U+002F "/" */
    0x0, 0x0, 0x0, 0x0, 0x0, 0x0, 0x0, 0x6e,
    0x80, 0x7f, 0xa, 0x0, 0x0, 0x0, 0x0, 0x0,
    0x0, 0x23, 0xff, 0xff, 0xcd, 0x0, 0x0, 0x0,
    0x0, 0x0, 0x0, 0x0, 0x81, 0xff, 0xff, 0x6f,
    0x0, 0x0, 0x0, 0x0, 0x0, 0x0, 0x0, 0xdd,
    0xff, 0xfb, 0x15, 0x0, 0x0, 0x0, 0x0, 0x0,
    0x0, 0x3d, 0xff, 0xff, 0xb2, 0x0, 0x0, 0x0,
    0x0, 0x0, 0x0, 0x0, 0x9b, 0xff, 0xff, 0x54,
    0x0, 0x0, 0x0, 0x0, 0x0, 0x0, 0x8, 0xf0,
    0xff, 0xee, 0x7, 0x0, 0x0, 0x0, 0x0, 0x0,
    0x0, 0x58, 0xff, 0xff, 0x97, 0x0, 0x0, 0x0,
    0x0, 0x0, 0x0, 0x0, 0xb6, 0xff, 0xff, 0x38,
    0x0, 0x0, 0x0, 0x0, 0x0, 0x0, 0x17, 0xfb,
    0xff, 0xd9, 0x0, 0x0, 0x0, 0x0, 0x0, 0x0,
    0x0, 0x72, 0xff, 0xff, 0x7c, 0x0, 0x0, 0x0,
    0x0, 0x0, 0x0, 0x0, 0xd0, 0xff, 0xfe, 0x1f,
    0x0, 0x0, 0x0, 0x0, 0x0, 0x0, 0x2d, 0xff,
    0xff, 0xbf, 0x0, 0x0, 0x0, 0x0, 0x0, 0x0,
    0x0, 0x8c, 0xff, 0xff, 0x61, 0x0, 0x0, 0x0,
    0x0, 0x0, 0x0, 0x3, 0xe7, 0xff, 0xf5, 0xd,
    0x0, 0x0, 0x0, 0x0, 0x0, 0x0, 0x49, 0xff,
    0xff, 0xa4, 0x0, 0x0, 0x0, 0x0, 0x0, 0x0,
    0x0, 0xa7, 0xff, 0xff, 0x46, 0x0, 0x0, 0x0,
    0x0, 0x0, 0x0, 0xe, 0xf6, 0xff, 0xe4, 0x2,
    0x0, 0x0, 0x0, 0x0, 0x0, 0x0, 0x63, 0xff,
    0xff, 0x89, 0x0, 0x0, 0x0, 0x0, 0x0, 0x0,
    0x0, 0xc1, 0xff, 0xff, 0x2b, 0x0, 0x0, 0x0,
    0x0, 0x0, 0x0, 0x0,

    /* U+0030 "0" */
    0x0, 0x0, 0x2b, 0xeb, 0xff, 0xff, 0xff, 0xff,
    0xff, 0x54, 0xe0, 0xff, 0xa9, 0x3, 0x0, 0x0,
    0x0, 0x25, 0xe7, 0xff, 0xff, 0xff, 0xff, 0xff,
    0xff, 0x54, 0xe0, 0xff, 0xff, 0x9f, 0x1, 0x0,
    0x20, 0xe2, 0xff, 0xff, 0xff, 0xff, 0xff, 0xff,
    0xff, 0x54, 0xe0, 0xff, 0xff, 0xff, 0x94, 0x0,
    0xb4, 0xff, 0xff, 0xff, 0xff, 0x97, 0x40, 0x40,
    0x40, 0x15, 0xe0, 0xff, 0xff, 0xff, 0xff, 0x44,
    0xbc, 0xff, 0xff, 0xff, 0xff, 0x74, 0x0, 0x0,
    0x0, 0x0, 0xe0, 0xff, 0xff, 0xff, 0xff, 0x4c,
    0xbc, 0xff, 0xff, 0xff, 0xff, 0x74, 0x0, 0x0,
    0x0, 0x0, 0xe0, 0xff, 0xff, 0xff, 0xff, 0x4c,
    0xbc, 0xff, 0xff, 0xff, 0xff, 0x74, 0x0, 0x0,
    0x0, 0x0, 0xe0, 0xff, 0xff, 0xff, 0xff, 0x4c,
    0xbc, 0xff, 0xff, 0xff, 0xff, 0x74, 0x0, 0x0,
    0x0, 0x0, 0xe0, 0xff, 0xff, 0xff, 0xff, 0x4c,
    0xbc, 0xff, 0xff, 0xff, 0xff, 0x74, 0x0, 0x0,
    0x0, 0x0, 0xe0, 0xff, 0xff, 0xff, 0xff, 0x4c,
    0xbc, 0xff, 0xff, 0xff, 0xff, 0x74, 0x0, 0x0,
    0x0, 0x0, 0xe0, 0xff, 0xff, 0xff, 0xff, 0x4c,
    0xbc, 0xff, 0xff, 0xff, 0xff, 0x74, 0x0, 0x0,
    0x0, 0x0, 0xe0, 0xff, 0xff, 0xff, 0xff, 0x4c,
    0xbc, 0xff, 0xff, 0xff, 0xff, 0x74, 0x0, 0x0,
    0x0, 0x0, 0xe0, 0xff, 0xff, 0xff, 0xff, 0x4c,
    0xb5, 0xff, 0xff, 0xff, 0xff, 0x74, 0x2d, 0x3c,
    0x3c, 0x3c, 0xe7, 0xff, 0xff, 0xff, 0xff, 0x45,
    0x22, 0xe4, 0xff, 0xff, 0xff, 0x74, 0xc0, 0xff,
    0xff, 0xff, 0xff, 0xff, 0xff, 0xff, 0x97, 0x0,
    0x0, 0x27, 0xe8, 0xff, 0xff, 0x74, 0xc0, 0xff,
    0xff, 0xff, 0xff, 0xff, 0xff, 0xa1, 0x1, 0x0,
    0x0, 0x0, 0x2c, 0xeb, 0xff, 0x74, 0xc0, 0xff,
    0xff, 0xff, 0xff, 0xff, 0xab, 0x3, 0x0, 0x0,

    /* U+0031 "1" */
    0x0, 0x48, 0xf9, 0xff, 0xff, 0xff, 0xff, 0xff,
    0x70, 0x0, 0x0, 0x0, 0x2d, 0xf6, 0xff, 0xff,
    0xff, 0xff, 0xff, 0xff, 0x70, 0x0, 0x0, 0x0,
    0x54, 0xff, 0xff, 0xff, 0xff, 0xff, 0xff, 0xff,
    0x70, 0x0, 0x0, 0x0, 0x15, 0x40, 0x40, 0xd0,
    0xff, 0xff, 0xff, 0xff, 0x70, 0x0, 0x0, 0x0,
    0x0, 0x0, 0x0, 0xc0, 0xff, 0xff, 0xff, 0xff,
    0x70, 0x0, 0x0, 0x0, 0x0, 0x0, 0x0, 0xc0,
    0xff, 0xff, 0xff, 0xff, 0x70, 0x0, 0x0, 0x0,
    0x0, 0x0, 0x0, 0xc0, 0xff, 0xff, 0xff, 0xff,
    0x70, 0x0, 0x0, 0x0, 0x0, 0x0, 0x0, 0xc0,
    0xff, 0xff, 0xff, 0xff, 0x70, 0x0, 0x0, 0x0,
    0x0, 0x0, 0x0, 0xc0, 0xff, 0xff, 0xff, 0xff,
    0x70, 0x0, 0x0, 0x0, 0x0, 0x0, 0x0, 0xc0,
    0xff, 0xff, 0xff, 0xff, 0x70, 0x0, 0x0, 0x0,
    0x0, 0x0, 0x0, 0xc0, 0xff, 0xff, 0xff, 0xff,
    0x70, 0x0, 0x0, 0x0, 0x0, 0x0, 0x0, 0xc0,
    0xff, 0xff, 0xff, 0xff, 0x70, 0x0, 0x0, 0x0,
    0x13, 0x3c, 0x3c, 0x42, 0x44, 0x44, 0x44, 0x44,
    0x3f, 0x3c, 0x3c, 0x1, 0x54, 0xff, 0xff, 0xff,
    0xff, 0xff, 0xff, 0xff, 0xff, 0xff, 0xff, 0x8,
    0x54, 0xff, 0xff, 0xff, 0xff, 0xff, 0xff, 0xff,
    0xff, 0xff, 0xff, 0x8, 0x54, 0xff, 0xff, 0xff,
    0xff, 0xff, 0xff, 0xff, 0xff, 0xff, 0xff, 0x8,

    /* U+0032 "2" */
    0x0, 0x0, 0x2b, 0xeb, 0xff, 0xff, 0xff, 0xff,
    0xe4, 0x48, 0xff, 0xf9, 0x49, 0x0, 0x0, 0x0,
    0x26, 0xe8, 0xff, 0xff, 0xff, 0xff, 0xff, 0xe4,
    0x48, 0xff, 0xff, 0xf7, 0x41, 0x0, 0x22, 0xe4,
    0xff, 0xff, 0xff, 0xf5, 0xec, 0xec, 0xd2, 0x48,
    0xff, 0xff, 0xff, 0xf4, 0x3a, 0xb5, 0xff, 0xff,
    0xff, 0xff, 0x74, 0x0, 0x0, 0x0, 0x48, 0xff,
    0xff, 0xff, 0xff, 0xdd, 0xbc, 0xff, 0xff, 0xff,
    0xff, 0x74, 0x0, 0x0, 0x0, 0x48, 0xff, 0xff,
    0xff, 0xff, 0xe4, 0x23, 0x30, 0x30, 0x30, 0x30,
    0x15, 0x0, 0x0, 0x0, 0x48, 0xff, 0xff, 0xff,
    0xff, 0xe4, 0x0, 0x0, 0x0, 0x0, 0x0, 0x0,
    0x0, 0x0, 0x0, 0x48, 0xff, 0xff, 0xff, 0xff,
    0xe4, 0x0, 0x0, 0x18, 0xd6, 0xff, 0xff, 0xff,
    0xff, 0xff, 0xff, 0xff, 0xff, 0xff, 0xff, 0x7f,
    0x0, 0x19, 0xd7, 0xff, 0xff, 0xff, 0xff, 0xff,
    0xff, 0xff, 0xff, 0xff, 0xff, 0x8b, 0x0, 0x1b,
    0xd9, 0xff, 0xff, 0xff, 0xff, 0xff, 0xff, 0xff,
    0xff, 0xff, 0xff, 0x96, 0x0, 0x0, 0xb2, 0xff,
    0xff, 0xff, 0xff, 0xa4, 0x58, 0x58, 0x58, 0x58,
    0x58, 0x51, 0x1, 0x0, 0x0, 0xbc, 0xff, 0xff,
    0xff, 0xff, 0x74, 0x0, 0x0, 0x0, 0x0, 0x0,
    0x0, 0x0, 0x0, 0x0, 0xbc, 0xff, 0xff, 0xff,
    0xff, 0x74, 0x0, 0x0, 0x0, 0x0, 0x0, 0x0,
    0x0, 0x0, 0x0, 0xbc, 0xff, 0xff, 0xff, 0xff,
    0x74, 0xad, 0xec, 0xec, 0xec, 0xec, 0xec, 0xec,
    0xec, 0xd2, 0xbc, 0xff, 0xff, 0xff, 0xff, 0x74,
    0xbc, 0xff, 0xff, 0xff, 0xff, 0xff, 0xff, 0xff,
    0xe4, 0xbc, 0xff, 0xff, 0xff, 0xff, 0x74, 0xbc,
    0xff, 0xff, 0xff, 0xff, 0xff, 0xff, 0xff, 0xe4,

    /* U+0033 "3" */
    0x0, 0x0, 0x34, 0xf1, 0xff, 0xff, 0xff, 0xff,
    0xff, 0x40, 0xf0, 0xff, 0x9c, 0x1, 0x0, 0x0,
    0x0, 0x2d, 0xed, 0xff, 0xff, 0xff, 0xff, 0xff,
    0xff, 0x40, 0xf0, 0xff, 0xff, 0x92, 0x0, 0x0,
    0x27, 0xe9, 0xff, 0xff, 0xff, 0xff, 0xff, 0xff,
    0xff, 0x40, 0xf0, 0xff, 0xff, 0xff, 0x87, 0x0,
    0xc0, 0xff, 0xff, 0xff, 0xff, 0xac, 0x74, 0x74,
    0x74, 0x1d, 0xf0, 0xff, 0xff, 0xff, 0xff, 0x38,
    0xc8, 0xff, 0xff, 0xff, 0xff, 0x68, 0x0, 0x0,
    0x0, 0x0, 0xf0, 0xff, 0xff, 0xff, 0xff, 0x40,
    0x6a, 0x88, 0x88, 0x88, 0x88, 0x37, 0x0, 0x0,
    0x0, 0x0, 0xf0, 0xff, 0xff, 0xff, 0xff, 0x40,
    0x0, 0x0, 0x0, 0x0, 0x0, 0x0, 0x73, 0xd4,
    0xd4, 0xd4, 0xfd, 0xff, 0xff, 0xff, 0xb5, 0xb,
    0x0, 0x0, 0x0, 0x0, 0x0, 0x0, 0x8c, 0xff,
    0xff, 0xff, 0xff, 0xff, 0xff, 0xb8, 0x3, 0x0,
    0x0, 0x0, 0x0, 0x0, 0x0, 0x0, 0x8c, 0xff,
    0xff, 0xff, 0xff, 0xff, 0xff, 0xfa, 0x58, 0x0,
    0x0, 0x0, 0x0, 0x0, 0x0, 0x0, 0x0, 0x0,
    0x0, 0x0, 0xf0, 0xff, 0xff, 0xff, 0xfe, 0x31,
    0xab, 0xdc, 0xdc, 0xdc, 0xdc, 0x59, 0x0, 0x0,
    0x0, 0x0, 0xf0, 0xff, 0xff, 0xff, 0xff, 0x40,
    0xc8, 0xff, 0xff, 0xff, 0xff, 0x68, 0x0, 0x0,
    0x0, 0x0, 0xf0, 0xff, 0xff, 0xff, 0xff, 0x40,
    0xc0, 0xff, 0xff, 0xff, 0xff, 0xaf, 0x78, 0x78,
    0x78, 0x1e, 0xf0, 0xff, 0xff, 0xff, 0xff, 0x39,
    0x27, 0xe9, 0xff, 0xff, 0xff, 0xff, 0xff, 0xff,
    0xff, 0x40, 0xf0, 0xff, 0xff, 0xff, 0x8b, 0x0,
    0x0, 0x2d, 0xed, 0xff, 0xff, 0xff, 0xff, 0xff,
    0xff, 0x40, 0xf0, 0xff, 0xff, 0x94, 0x0, 0x0,
    0x0, 0x0, 0x35, 0xf1, 0xff, 0xff, 0xff, 0xff,
    0xff, 0x40, 0xf0, 0xff, 0x9e, 0x1, 0x0, 0x0,

    /* U+0034 "4" */
    0x0, 0x0, 0x0, 0x0, 0x0, 0x0, 0x0, 0x0,
    0x10, 0xff, 0xff, 0xff, 0xff, 0xe8, 0x0, 0x0,
    0x0, 0x0, 0x0, 0x0, 0x0, 0x0, 0x0, 0x3a,
    0x27, 0xff, 0xff, 0xff, 0xff, 0xe8, 0x0, 0x0,
    0x0, 0x0, 0x0, 0x0, 0x0, 0x0, 0x1a, 0xe7,
    0x2c, 0xff, 0xff, 0xff, 0xff, 0xe8, 0x0, 0x0,
    0x0, 0x0, 0x0, 0x0, 0x0, 0x7, 0xc8, 0xff,
    0x2c, 0xff, 0xff, 0xff, 0xff, 0xe8, 0x0, 0x0,
    0x0, 0x0, 0x0, 0x0, 0x0, 0x9e, 0xff, 0xff,
    0x2c, 0xff, 0xff, 0xff, 0xff, 0xe8, 0x0, 0x0,
    0x0, 0x0, 0x0, 0x0, 0x6c, 0xff, 0xff, 0xff,
    0x2c, 0xff, 0xff, 0xff, 0xff, 0xe8, 0x0, 0x0,
    0x0, 0x0, 0x0, 0x3e, 0xfa, 0xff, 0xff, 0xff,
    0x2c, 0xff, 0xff, 0xff, 0xff, 0xe8, 0x0, 0x0,
    0x0, 0x0, 0x1d, 0xe9, 0xff, 0xff, 0xff, 0xf4,
    0x21, 0xff, 0xff, 0xff, 0xff, 0xe8, 0x0, 0x0,
    0x0, 0x8, 0xcc, 0xff, 0xff, 0xff, 0xfc, 0x4c,
    0x10, 0xff, 0xff, 0xff, 0xff, 0xe8, 0x0, 0x0,
    0x0, 0xa3, 0xff, 0xff, 0xff, 0xff, 0x6d, 0x0,
    0x10, 0xff, 0xff, 0xff, 0xff, 0xe8, 0x0, 0x0,
    0x71, 0xff, 0xff, 0xff, 0xff, 0xb2, 0x2c, 0x2c,
    0x14, 0xff, 0xff, 0xff, 0xff, 0xec, 0x2c, 0x1d,
    0xa4, 0xff, 0xff, 0xff, 0xff, 0xff, 0xff, 0xff,
    0x2c, 0xff, 0xff, 0xff, 0xff, 0xff, 0xff, 0xac,
    0x3a, 0xff, 0xff, 0xff, 0xff, 0xff, 0xff, 0xff,
    0x2c, 0xff, 0xff, 0xff, 0xff, 0xff, 0xff, 0xac,
    0x0, 0xd0, 0xff, 0xff, 0xff, 0xff, 0xff, 0xff,
    0x2c, 0xff, 0xff, 0xff, 0xff, 0xff, 0xff, 0xac,
    0x0, 0x0, 0x0, 0x0, 0x0, 0x0, 0x0, 0x0,
    0x10, 0xff, 0xff, 0xff, 0xff, 0xe8, 0x0, 0x0,
    0x0, 0x0, 0x0, 0x0, 0x0, 0x0, 0x0, 0x0,
    0x10, 0xff, 0xff, 0xff, 0xff, 0xe8, 0x0, 0x0,

    /* U+0035 "5" */
    0xc0, 0xff, 0xff, 0xff, 0xff, 0xff, 0xff, 0xff,
    0xff, 0xff, 0xff, 0xff, 0xff, 0xff, 0x44, 0xc0,
    0xff, 0xff, 0xff, 0xff, 0xff, 0xff, 0xff, 0xff,
    0xff, 0xff, 0xff, 0xff, 0xff, 0x44, 0xc0, 0xff,
    0xff, 0xff, 0xff, 0xff, 0xff, 0xff, 0xff, 0xff,
    0xff, 0xff, 0xff, 0xff, 0x44, 0xc0, 0xff, 0xff,
    0xff, 0xf4, 0x40, 0x40, 0x40, 0x40, 0x40, 0x40,
    0x40, 0x40, 0x40, 0x11, 0xc0, 0xff, 0xff, 0xff,
    0xf0, 0x0, 0x0, 0x0, 0x0, 0x0, 0x0, 0x0,
    0x0, 0x0, 0x0, 0xc0, 0xff, 0xff, 0xff, 0xf0,
    0x2, 0x8, 0x8, 0x8, 0x8, 0x8, 0x7, 0x0,
    0x0, 0x0, 0xc0, 0xff, 0xff, 0xff, 0xf0, 0x40,
    0xff, 0xff, 0xff, 0xff, 0xff, 0xfe, 0x63, 0x0,
    0x0, 0xc0, 0xff, 0xff, 0xff, 0xf0, 0x40, 0xff,
    0xff, 0xff, 0xff, 0xff, 0xff, 0xfd, 0x5a, 0x0,
    0xc0, 0xff, 0xff, 0xff, 0xf0, 0x40, 0xff, 0xff,
    0xff, 0xff, 0xff, 0xff, 0xff, 0xfb, 0x52, 0x0,
    0x0, 0x0, 0x0, 0x0, 0x0, 0x0, 0x0, 0x0,
    0x30, 0xff, 0xff, 0xff, 0xff, 0xf6, 0x0, 0x0,
    0x0, 0x0, 0x0, 0x0, 0x0, 0x0, 0x0, 0x30,
    0xff, 0xff, 0xff, 0xff, 0xfc, 0xb4, 0xf0, 0xf0,
    0xf0, 0xf0, 0x6c, 0x0, 0x0, 0x0, 0x30, 0xff,
    0xff, 0xff, 0xff, 0xfc, 0xb9, 0xff, 0xff, 0xff,
    0xff, 0x94, 0x3c, 0x3c, 0x3b, 0x30, 0xff, 0xff,
    0xff, 0xff, 0xf5, 0x24, 0xe6, 0xff, 0xff, 0xff,
    0xff, 0xff, 0xff, 0xfc, 0x30, 0xff, 0xff, 0xff,
    0xfa, 0x4c, 0x0, 0x29, 0xea, 0xff, 0xff, 0xff,
    0xff, 0xff, 0xfc, 0x30, 0xff, 0xff, 0xfc, 0x54,
    0x0, 0x0, 0x0, 0x2e, 0xed, 0xff, 0xff, 0xff,
    0xff, 0xfc, 0x30, 0xff, 0xfd, 0x5d, 0x0, 0x0,

    /* U+0036 "6" */
    0x0, 0x0, 0x2b, 0xeb, 0xff, 0xff, 0xff, 0x68,
    0xc8, 0xff, 0xff, 0xff, 0xa9, 0x3, 0x0, 0x0,
    0x0, 0x25, 0xe7, 0xff, 0xff, 0xff, 0xff, 0x68,
    0xc8, 0xff, 0xff, 0xff, 0xff, 0x9f, 0x1, 0x0,
    0x20, 0xe2, 0xff, 0xff, 0xff, 0xff, 0xff, 0x68,
    0xc8, 0xff, 0xff, 0xff, 0xff, 0xff, 0x94, 0x0,
    0xb4, 0xff, 0xff, 0xff, 0xff, 0x97, 0x40, 0x1a,
    0x32, 0x40, 0xe8, 0xff, 0xff, 0xff, 0xff, 0x44,
    0xbc, 0xff, 0xff, 0xff, 0xff, 0x74, 0x0, 0x0,
    0x0, 0x0, 0x5e, 0x6c, 0x6c, 0x6c, 0x6c, 0x20,
    0xbc, 0xff, 0xff, 0xff, 0xff, 0x74, 0x6, 0x8,
    0x8, 0x8, 0x8, 0x8, 0x2, 0x0, 0x0, 0x0,
    0xbc, 0xff, 0xff, 0xff, 0xff, 0x74, 0xc0, 0xff,
    0xff, 0xff, 0xff, 0xff, 0xbf, 0xb, 0x0, 0x0,
    0xbc, 0xff, 0xff, 0xff, 0xff, 0x74, 0xc0, 0xff,
    0xff, 0xff, 0xff, 0xff, 0xff, 0xc3, 0xd, 0x0,
    0xbc, 0xff, 0xff, 0xff, 0xff, 0x74, 0xc0, 0xff,
    0xff, 0xff, 0xff, 0xff, 0xff, 0xff, 0xc8, 0xf,
    0xbc, 0xff, 0xff, 0xff, 0xff, 0x74, 0x0, 0x0,
    0x0, 0x0, 0xac, 0xff, 0xff, 0xff, 0xff, 0x4c,
    0xbc, 0xff, 0xff, 0xff, 0xff, 0x74, 0x0, 0x0,
    0x0, 0x0, 0xac, 0xff, 0xff, 0xff, 0xff, 0x4c,
    0xbc, 0xff, 0xff, 0xff, 0xff, 0x74, 0x0, 0x0,
    0x0, 0x0, 0xac, 0xff, 0xff, 0xff, 0xff, 0x4c,
    0xb5, 0xff, 0xff, 0xff, 0xff, 0x94, 0x3c, 0x18,
    0x2e, 0x3c, 0xbf, 0xff, 0xff, 0xff, 0xff, 0x45,
    0x22, 0xe4, 0xff, 0xff, 0xff, 0xff, 0xff, 0x68,
    0xc8, 0xff, 0xff, 0xff, 0xff, 0xff, 0x97, 0x0,
    0x0, 0x27, 0xe8, 0xff, 0xff, 0xff, 0xff, 0x68,
    0xc8, 0xff, 0xff, 0xff, 0xff, 0xa1, 0x1, 0x0,
    0x0, 0x0, 0x2c, 0xeb, 0xff, 0xff, 0xff, 0x68,
    0xc8, 0xff, 0xff, 0xff, 0xab, 0x3, 0x0, 0x0,

    /* U+0037 "7" */
    0x0, 0x57, 0xfd, 0xff, 0xff, 0xff, 0xff, 0xff,
    0xff, 0xff, 0xff, 0xff, 0xff, 0xff, 0x9c, 0x3a,
    0xfa, 0xff, 0xff, 0xff, 0xff, 0xff, 0xff, 0xff,
    0xff, 0xff, 0xff, 0xff, 0xff, 0x9c, 0x64, 0xff,
    0xff, 0xff, 0xff, 0xff, 0xff, 0xff, 0xff, 0xff,
    0xff, 0xff, 0xff, 0xff, 0x9c, 0x64, 0xff, 0xff,
    0xff, 0xff, 0xc4, 0x40, 0x40, 0x40, 0x5e, 0x68,
    0x68, 0x68, 0x68, 0x2f, 0x64, 0xff, 0xff, 0xff,
    0xff, 0xb0, 0x0, 0x0, 0xf, 0xf4, 0xff, 0xff,
    0xff, 0xf0, 0x9, 0x30, 0x7c, 0x7c, 0x7c, 0x7c,
    0x55, 0x0, 0x0, 0x72, 0xff, 0xff, 0xff, 0xff,
    0x98, 0x0, 0x0, 0x0, 0x0, 0x0, 0x0, 0x0,
    0x0, 0x2, 0xdd, 0xff, 0xff, 0xff, 0xff, 0x35,
    0x0, 0x0, 0x0, 0x0, 0x0, 0x0, 0x0, 0x0,
    0x4d, 0xff, 0xff, 0xff, 0xff, 0xd2, 0x0, 0x0,
    0x0, 0x0, 0x0, 0x0, 0x0, 0x0, 0x0, 0xba,
    0xff, 0xff, 0xff, 0xff, 0x70, 0x0, 0x0, 0x0,
    0x0, 0x0, 0x0, 0x0, 0x0, 0x28, 0xfe, 0xff,
    0xff, 0xff, 0xf9, 0x14, 0x0, 0x0, 0x0, 0x0,
    0x0, 0x0, 0x0, 0x0, 0x96, 0xff, 0xff, 0xff,
    0xff, 0xaa, 0x0, 0x0, 0x0, 0x0, 0x0, 0x0,
    0x0, 0x0, 0xf, 0xf3, 0xff, 0xff, 0xff, 0xff,
    0x47, 0x0, 0x0, 0x0, 0x0, 0x0, 0x0, 0x0,
    0x0, 0x71, 0xff, 0xff, 0xff, 0xff, 0xe2, 0x2,
    0x0, 0x0, 0x0, 0x0, 0x0, 0x0, 0x0, 0x1,
    0xdc, 0xff, 0xff, 0xff, 0xff, 0x82, 0x0, 0x0,
    0x0, 0x0, 0x0, 0x0, 0x0, 0x0, 0x4c, 0xff,
    0xff, 0xff, 0xff, 0xfe, 0x21, 0x0, 0x0, 0x0,
    0x0, 0x0, 0x0, 0x0, 0x0, 0xb9, 0xff, 0xff,
    0xff, 0xff, 0xbd, 0x0, 0x0, 0x0, 0x0, 0x0,

    /* U+0038 "8" */
    0x0, 0x0, 0x2b, 0xeb, 0xff, 0xff, 0xff, 0xa8,
    0x88, 0xff, 0xff, 0xff, 0xf2, 0x37, 0x0, 0x0,
    0x0, 0x25, 0xe7, 0xff, 0xff, 0xff, 0xff, 0xa8,
    0x88, 0xff, 0xff, 0xff, 0xff, 0xee, 0x2f, 0x0,
    0x20, 0xe2, 0xff, 0xff, 0xff, 0xff, 0xff, 0xa8,
    0x88, 0xff, 0xff, 0xff, 0xff, 0xff, 0xea, 0x29,
    0xb4, 0xff, 0xff, 0xff, 0xff, 0x8e, 0x40, 0x2a,
    0x22, 0x40, 0x58, 0xff, 0xff, 0xff, 0xff, 0xc4,
    0xbc, 0xff, 0xff, 0xff, 0xff, 0x68, 0x0, 0x0,
    0x0, 0x0, 0x20, 0xff, 0xff, 0xff, 0xff, 0xcc,
    0xbb, 0xff, 0xff, 0xff, 0xff, 0x68, 0x0, 0x0,
    0x0, 0x0, 0x20, 0xff, 0xff, 0xff, 0xff, 0xcb,
    0x2f, 0xe3, 0xff, 0xff, 0xff, 0xff, 0xff, 0xa8,
    0x88, 0xff, 0xff, 0xff, 0xff, 0xff, 0xe9, 0x37,
    0x0, 0x2e, 0xfc, 0xff, 0xff, 0xff, 0xff, 0xa8,
    0x88, 0xff, 0xff, 0xff, 0xff, 0xff, 0x3a, 0x0,
    0x26, 0xdc, 0xff, 0xff, 0xff, 0xff, 0xff, 0xa8,
    0x88, 0xff, 0xff, 0xff, 0xff, 0xff, 0xe0, 0x2a,
    0xb9, 0xff, 0xff, 0xff, 0xff, 0x6c, 0x8, 0x5,
    0x4, 0x8, 0x27, 0xff, 0xff, 0xff, 0xff, 0xc8,
    0xbc, 0xff, 0xff, 0xff, 0xff, 0x68, 0x0, 0x0,
    0x0, 0x0, 0x20, 0xff, 0xff, 0xff, 0xff, 0xcc,
    0xbc, 0xff, 0xff, 0xff, 0xff, 0x68, 0x0, 0x0,
    0x0, 0x0, 0x20, 0xff, 0xff, 0xff, 0xff, 0xcc,
    0xb5, 0xff, 0xff, 0xff, 0xff, 0x8b, 0x3c, 0x27,
    0x1f, 0x3c, 0x54, 0xff, 0xff, 0xff, 0xff, 0xc5,
    0x22, 0xe4, 0xff, 0xff, 0xff, 0xff, 0xff, 0xa8,
    0x88, 0xff, 0xff, 0xff, 0xff, 0xff, 0xec, 0x2d,
    0x0, 0x27, 0xe8, 0xff, 0xff, 0xff, 0xff, 0xa8,
    0x88, 0xff, 0xff, 0xff, 0xff, 0xf0, 0x32, 0x0,
    0x0, 0x0, 0x2c, 0xeb, 0xff, 0xff, 0xff, 0xa8,
    0x88, 0xff, 0xff, 0xff, 0xf3, 0x38, 0x0, 0x0,

    /* U+0039 "9" */
    0x0, 0x0, 0x2b, 0xeb, 0xff, 0xff, 0xff, 0x60,
    0xd4, 0xff, 0xff, 0xff, 0xa9, 0x3, 0x0, 0x0,
    0x0, 0x25, 0xe7, 0xff, 0xff, 0xff, 0xff, 0x60,
    0xd4, 0xff, 0xff, 0xff, 0xff, 0x9f, 0x1, 0x0,
    0x20, 0xe2, 0xff, 0xff, 0xff, 0xff, 0xff, 0x60,
    0xd4, 0xff, 0xff, 0xff, 0xff, 0xff, 0x94, 0x0,
    0xb4, 0xff, 0xff, 0xff, 0xff, 0x97, 0x40, 0x18,
    0x35, 0x40, 0xe8, 0xff, 0xff, 0xff, 0xff, 0x44,
    0xbc, 0xff, 0xff, 0xff, 0xff, 0x74, 0x0, 0x0,
    0x0, 0x0, 0xe0, 0xff, 0xff, 0xff, 0xff, 0x4c,
    0xbc, 0xff, 0xff, 0xff, 0xff, 0x74, 0x0, 0x0,
    0x0, 0x0, 0xe0, 0xff, 0xff, 0xff, 0xff, 0x4c,
    0xb3, 0xff, 0xff, 0xff, 0xff, 0x99, 0x44, 0x44,
    0x44, 0x16, 0xe0, 0xff, 0xff, 0xff, 0xff, 0x4c,
    0x1e, 0xe1, 0xff, 0xff, 0xff, 0xff, 0xff, 0xff,
    0xff, 0x54, 0xe0, 0xff, 0xff, 0xff, 0xff, 0x4c,
    0x0, 0x24, 0xe6, 0xff, 0xff, 0xff, 0xff, 0xff,
    0xff, 0x54, 0xe0, 0xff, 0xff, 0xff, 0xff, 0x4c,
    0x0, 0x0, 0x2b, 0xeb, 0xff, 0xff, 0xff, 0xff,
    0xff, 0x54, 0xe0, 0xff, 0xff, 0xff, 0xff, 0x4c,
    0x0, 0x0, 0x0, 0x0, 0x0, 0x0, 0x0, 0x0,
    0x0, 0x0, 0xe0, 0xff, 0xff, 0xff, 0xff, 0x4c,
    0x3d, 0x54, 0x54, 0x54, 0x54, 0x26, 0x0, 0x0,
    0x0, 0x0, 0xe0, 0xff, 0xff, 0xff, 0xff, 0x4c,
    0xb5, 0xff, 0xff, 0xff, 0xff, 0x94, 0x3c, 0x16,
    0x31, 0x3c, 0xe7, 0xff, 0xff, 0xff, 0xff, 0x45,
    0x22, 0xe4, 0xff, 0xff, 0xff, 0xff, 0xff, 0x60,
    0xd4, 0xff, 0xff, 0xff, 0xff, 0xff, 0x97, 0x0,
    0x0, 0x27, 0xe8, 0xff, 0xff, 0xff, 0xff, 0x60,
    0xd4, 0xff, 0xff, 0xff, 0xff, 0xa1, 0x1, 0x0,
    0x0, 0x0, 0x2c, 0xeb, 0xff, 0xff, 0xff, 0x60,
    0xd4, 0xff, 0xff, 0xff, 0xab, 0x3, 0x0, 0x0,

    /* U+003A ":" */
    0x48, 0xff, 0xff, 0xff, 0xff, 0xe8, 0x48, 0xff,
    0xff, 0xff, 0xff, 0xe8, 0x48, 0xff, 0xff, 0xff,
    0xff, 0xe8, 0x37, 0xc4, 0xc4, 0xc4, 0xc4, 0xb1,
    0x0, 0x0, 0x0, 0x0, 0x0, 0x0, 0x0, 0x0,
    0x0, 0x0, 0x0, 0x0, 0x0, 0x0, 0x0, 0x0,
    0x0, 0x0, 0x0, 0x0, 0x0, 0x0, 0x0, 0x0,
    0x0, 0x0, 0x0, 0x0, 0x0, 0x0, 0x38, 0xc8,
    0xc8, 0xc8, 0xc8, 0xb5, 0x48, 0xff, 0xff, 0xff,
    0xff, 0xe8, 0x48, 0xff, 0xff, 0xff, 0xff, 0xe8,
    0x48, 0xff, 0xff, 0xff, 0xff, 0xe8,

    /* U+003B ";" */
    0x48, 0xff, 0xff, 0xff, 0xff, 0xe8, 0x48, 0xff,
    0xff, 0xff, 0xff, 0xe8, 0x48, 0xff, 0xff, 0xff,
    0xff, 0xe8, 0x37, 0xc4, 0xc4, 0xc4, 0xc4, 0xb1,
    0x0, 0x0, 0x0, 0x0, 0x0, 0x0, 0x0, 0x0,
    0x0, 0x0, 0x0, 0x0, 0x0, 0x0, 0x0, 0x0,
    0x0, 0x0, 0x0, 0x0, 0x0, 0x0, 0x0, 0x0,
    0x0, 0x0, 0x0, 0x0, 0x0, 0x0, 0x38, 0xc8,
    0xc8, 0xc8, 0xc8, 0xb5, 0x48, 0xff, 0xff, 0xff,
    0xff, 0xe8, 0x48, 0xff, 0xff, 0xff, 0xff, 0xe8,
    0x48, 0xff, 0xff, 0xff, 0xff, 0xe8, 0x0, 0x1a,
    0xf8, 0xff, 0xff, 0x8e, 0x0, 0x8f, 0xff, 0xff,
    0xd5, 0x8, 0x14, 0xf5, 0xff, 0xfa, 0x32, 0x0,

    /* U+003C "<" */
    0x0, 0x0, 0x0, 0x0, 0x0, 0x0, 0x0, 0x0,
    0x0, 0x3, 0x3b, 0x84, 0x85, 0x0, 0x0, 0x0,
    0x0, 0x0, 0x0, 0x17, 0x5f, 0xa8, 0xee, 0xff,
    0xff, 0xb0, 0x0, 0x0, 0x3, 0x3a, 0x83, 0xcc,
    0xfe, 0xff, 0xff, 0xff, 0xff, 0xff, 0xb0, 0x52,
    0xa7, 0xed, 0xff, 0xff, 0xff, 0xff, 0xff, 0xff,
    0xfd, 0xc9, 0x83, 0x31, 0xd0, 0xff, 0xff, 0xff,
    0xff, 0xff, 0xdf, 0x9a, 0x55, 0x11, 0x0, 0x0,
    0x0, 0xd0, 0xff, 0xf1, 0xb1, 0x6c, 0x2a, 0xa,
    0x0, 0x0, 0x0, 0x0, 0x0, 0x0, 0x64, 0x3d,
    0x2c, 0x6c, 0xb1, 0xf1, 0xf9, 0xbd, 0x77, 0x30,
    0x1, 0x0, 0x0, 0x2, 0x61, 0xc9, 0xfd, 0xff,
    0xff, 0xff, 0xff, 0xff, 0xff, 0xe8, 0xa3, 0x47,
    0x0, 0x0, 0x0, 0x15, 0x5c, 0xa6, 0xec, 0xff,
    0xff, 0xff, 0xff, 0xff, 0xb0, 0x0, 0x0, 0x0,
    0x0, 0x0, 0x0, 0x2, 0x3a, 0x83, 0xcd, 0xfe,
    0xff, 0xb0, 0x0, 0x0, 0x0, 0x0, 0x0, 0x0,
    0x0, 0x0, 0x0, 0x0, 0x18, 0x61, 0x6d,

    /* U+003D "=" */
    0xbf, 0xec, 0xec, 0xec, 0xec, 0xec, 0xec, 0xec,
    0xec, 0xec, 0xec, 0xec, 0xa2, 0xd0, 0xff, 0xff,
    0xff, 0xff, 0xff, 0xff, 0xff, 0xff, 0xff, 0xff,
    0xff, 0xb0, 0xd0, 0xff, 0xff, 0xff, 0xff, 0xff,
    0xff, 0xff, 0xff, 0xff, 0xff, 0xff, 0xb0, 0x0,
    0x0, 0x0, 0x0, 0x0, 0x0, 0x0, 0x0, 0x0,
    0x0, 0x0, 0x0, 0x0, 0x0, 0x0, 0x0, 0x0,
    0x0, 0x0, 0x0, 0x0, 0x0, 0x0, 0x0, 0x0,
    0x0, 0x0, 0x0, 0x0, 0x0, 0x0, 0x0, 0x0,
    0x0, 0x0, 0x0, 0x0, 0x0, 0x0, 0x0, 0x0,
    0x0, 0x0, 0x0, 0x0, 0x0, 0x0, 0x0, 0x0,
    0x0, 0x0, 0x0, 0xbc, 0xe8, 0xe8, 0xe8, 0xe8,
    0xe8, 0xe8, 0xe8, 0xe8, 0xe8, 0xe8, 0xe8, 0x9f,
    0xd0, 0xff, 0xff, 0xff, 0xff, 0xff, 0xff, 0xff,
    0xff, 0xff, 0xff, 0xff, 0xb0, 0xd0, 0xff, 0xff,
    0xff, 0xff, 0xff, 0xff, 0xff, 0xff, 0xff, 0xff,
    0xff, 0xb0,

    /* U+003E ">" */
    0x99, 0x7a, 0x31, 0x0, 0x0, 0x0, 0x0, 0x0,
    0x0, 0x0, 0x0, 0x0, 0x0, 0xd0, 0xff, 0xff,
    0xe6, 0x9d, 0x53, 0xe, 0x0, 0x0, 0x0, 0x0,
    0x0, 0x0, 0xd0, 0xff, 0xff, 0xff, 0xff, 0xff,
    0xfa, 0xbf, 0x75, 0x2c, 0x0, 0x0, 0x0, 0x3b,
    0x89, 0xd0, 0xfe, 0xff, 0xff, 0xff, 0xff, 0xff,
    0xff, 0xd5, 0x4e, 0x0, 0x0, 0x0, 0x0, 0x17,
    0x5d, 0xa4, 0xe6, 0xc9, 0x84, 0x3f, 0x25, 0x65,
    0x6e, 0x0, 0x0, 0x0, 0x0, 0x0, 0x0, 0xe,
    0x4f, 0x94, 0xda, 0xff, 0xff, 0xb0, 0x0, 0x0,
    0x3, 0x39, 0x7f, 0xc4, 0xfb, 0xff, 0xff, 0xff,
    0xff, 0xff, 0xb0, 0x5b, 0xae, 0xf0, 0xff, 0xff,
    0xff, 0xff, 0xff, 0xff, 0xfd, 0xc8, 0x7f, 0x2d,
    0xd0, 0xff, 0xff, 0xff, 0xff, 0xff, 0xe9, 0xa3,
    0x5a, 0x13, 0x0, 0x0, 0x0, 0xd0, 0xff, 0xfc,
    0xc6, 0x7d, 0x34, 0x1, 0x0, 0x0, 0x0, 0x0,
    0x0, 0x0, 0x7d, 0x58, 0x12, 0x0, 0x0, 0x0,
    0x0, 0x0, 0x0, 0x0, 0x0, 0x0, 0x0,

    /* U+003F "?" */
    0x0, 0x0, 0x0, 0x6f, 0xff, 0xff, 0xff, 0xff,
    0xff, 0xff, 0xff, 0xff, 0xd7, 0x15, 0x0, 0x0,
    0x0, 0x0, 0x66, 0xff, 0xff, 0xff, 0xff, 0xff,
    0xff, 0xff, 0xff, 0xff, 0xff, 0xcf, 0x10, 0x0,
    0x0, 0x5d, 0xfe, 0xff, 0xff, 0xff, 0xff, 0xff,
    0xff, 0xff, 0xff, 0xff, 0xff, 0xff, 0xc8, 0xc,
    0xf, 0xfc, 0xff, 0xff, 0xff, 0xff, 0x58, 0x40,
    0x40, 0x40, 0xb8, 0xff, 0xff, 0xff, 0xff, 0x84,
    0x10, 0xd8, 0xd8, 0xd8, 0xd8, 0xd8, 0x1b, 0x0,
    0x0, 0x0, 0xa0, 0xff, 0xff, 0xff, 0xff, 0x8c,
    0x0, 0x0, 0x0, 0x0, 0x0, 0x0, 0x0, 0x0,
    0x0, 0x0, 0xa0, 0xff, 0xff, 0xff, 0xff, 0x8c,
    0x0, 0x0, 0x0, 0x0, 0x0, 0x0, 0x0, 0x59,
    0xfd, 0xff, 0xff, 0xff, 0xff, 0xff, 0xea, 0x28,
    0x0, 0x0, 0x0, 0x0, 0x0, 0x0, 0x51, 0xfb,
    0xff, 0xff, 0xff, 0xff, 0xff, 0xee, 0x2f, 0x0,
    0x0, 0x0, 0x0, 0x0, 0x0, 0x49, 0xf9, 0xff,
    0xff, 0xff, 0xff, 0xff, 0xf3, 0x37, 0x0, 0x0,
    0x0, 0x0, 0x0, 0x0, 0x0, 0xf4, 0xff, 0xff,
    0xff, 0xff, 0x6a, 0x40, 0x24, 0x0, 0x0, 0x0,
    0x0, 0x0, 0x0, 0x0, 0x0, 0xc0, 0xc4, 0xc4,
    0xc4, 0xc4, 0x2a, 0x0, 0x0, 0x0, 0x0, 0x0,
    0x0, 0x0, 0x0, 0x0, 0x0, 0x0, 0x0, 0x0,
    0x0, 0x0, 0x0, 0x0, 0x0, 0x0, 0x0, 0x0,
    0x0, 0x0, 0x0, 0x0, 0x0, 0xc4, 0xc8, 0xc8,
    0xc8, 0xc8, 0x2b, 0x0, 0x0, 0x0, 0x0, 0x0,
    0x0, 0x0, 0x0, 0x0, 0x0, 0xfc, 0xff, 0xff,
    0xff, 0xff, 0x38, 0x0, 0x0, 0x0, 0x0, 0x0,
    0x0, 0x0, 0x0, 0x0, 0x0, 0xfc, 0xff, 0xff,
    0xff, 0xff, 0x38, 0x0, 0x0, 0x0, 0x0, 0x0,
    0x0, 0x0, 0x0, 0x0, 0x0, 0xfc, 0xff, 0xff,
    0xff, 0xff, 0x38, 0x0, 0x0, 0x0, 0x0, 0x0,

    /* U+0040 "@" */
    0x0, 0x0, 0x9, 0xbd, 0xff, 0xff, 0xff, 0xf8,
    0x68, 0xff, 0xff, 0xff, 0xfd, 0x5c, 0x0, 0x0,
    0x0, 0x0, 0x9, 0xbb, 0xff, 0xff, 0xff, 0xff,
    0xf8, 0x68, 0xff, 0xff, 0xff, 0xff, 0xfd, 0x5b,
    0x0, 0x0, 0x8, 0xb9, 0xff, 0xff, 0xff, 0xbf,
    0xb8, 0xb2, 0x4a, 0xb8, 0xb8, 0xe0, 0xff, 0xff,
    0xfc, 0x59, 0x0, 0xb0, 0xff, 0xff, 0xfb, 0x60,
    0x0, 0x0, 0x0, 0x0, 0x0, 0x0, 0x11, 0xc1,
    0xff, 0xff, 0xfc, 0x47, 0xe4, 0xff, 0xf2, 0x46,
    0x0, 0x0, 0x0, 0x0, 0x0, 0x0, 0x0, 0x0,
    0x7, 0xa7, 0xff, 0xff, 0x78, 0xe4, 0xff, 0xb0,
    0x0, 0x0, 0x0, 0x0, 0xf4, 0xff, 0x88, 0x0,
    0x0, 0x0, 0x1c, 0xff, 0xff, 0x78, 0xe4, 0xff,
    0xb0, 0x0, 0x0, 0x0, 0x0, 0xf4, 0xff, 0x88,
    0x0, 0x0, 0x0, 0x1c, 0xff, 0xff, 0x78, 0xe4,
    0xff, 0xb0, 0x0, 0x0, 0x0, 0x0, 0xf4, 0xff,
    0x88, 0x0, 0x0, 0x0, 0x1c, 0xff, 0xff, 0x78,
    0xe4, 0xff, 0xb0, 0x0, 0x0, 0x0, 0x0, 0xf4,
    0xff, 0x88, 0x0, 0x0, 0x0, 0x1c, 0xff, 0xff,
    0x78, 0xe4, 0xff, 0xb0, 0x0, 0x0, 0x0, 0x0,
    0xf4, 0xff, 0x88, 0x0, 0x0, 0x0, 0x1c, 0xff,
    0xff, 0x78, 0xe4, 0xff, 0xcc, 0x4, 0x0, 0x0,
    0x0, 0x66, 0x85, 0x88, 0x0, 0x0, 0x0, 0xb,
    0x6c, 0x6c, 0x32, 0xe4, 0xff, 0xff, 0x9f, 0x0,
    0x0, 0x0, 0x0, 0x2c, 0xae, 0x0, 0x0, 0x0,
    0x0, 0x0, 0x0, 0x0, 0x92, 0xff, 0xff, 0xff,
    0x89, 0x0, 0x0, 0x0, 0x2c, 0xff, 0x82, 0x0,
    0x0, 0x0, 0x0, 0x0, 0x0, 0x1, 0xa4, 0xff,
    0xff, 0xff, 0xc0, 0xb8, 0xb8, 0x51, 0xff, 0xff,
    0xbe, 0xb8, 0xb8, 0x77, 0x0, 0x0, 0x0, 0x4,
    0xb2, 0xff, 0xff, 0xff, 0xff, 0xff, 0x60, 0xff,
    0xff, 0xff, 0xff, 0xe7, 0x18, 0x0, 0x0, 0x0,
    0x0, 0x8, 0xbf, 0xff, 0xff, 0xff, 0xff, 0x60,
    0xff, 0xff, 0xff, 0xfc, 0x40, 0x0, 0x0, 0x0,

    /* U+0041 "A" */
    0x0, 0x0, 0x0, 0x0, 0x0, 0x7, 0x98, 0xff,
    0xff, 0xff, 0xff, 0x78, 0x0, 0x0, 0x0, 0x0,
    0x0, 0x0, 0x0, 0x0, 0x0, 0x0, 0x0, 0x8c,
    0x3b, 0xff, 0xff, 0xff, 0xff, 0xdb, 0x0, 0x0,
    0x0, 0x0, 0x0, 0x0, 0x0, 0x0, 0x0, 0x0,
    0xa, 0xf3, 0x4d, 0xd5, 0xff, 0xff, 0xff, 0xff,
    0x3e, 0x0, 0x0, 0x0, 0x0, 0x0, 0x0, 0x0,
    0x0, 0x0, 0x5a, 0xff, 0xaa, 0x74, 0xff, 0xff,
    0xff, 0xff, 0xa1, 0x0, 0x0, 0x0, 0x0, 0x0,
    0x0, 0x0, 0x0, 0x0, 0xb7, 0xff, 0xf7, 0x27,
    0xfb, 0xff, 0xff, 0xff, 0xf5, 0xe, 0x0, 0x0,
    0x0, 0x0, 0x0, 0x0, 0x0, 0x17, 0xfc, 0xff,
    0xff, 0x64, 0xb2, 0xff, 0xff, 0xff, 0xff, 0x67,
    0x0, 0x0, 0x0, 0x0, 0x0, 0x0, 0x0, 0x71,
    0xff, 0xff, 0xff, 0xc2, 0x51, 0xff, 0xff, 0xff,
    0xff, 0xca, 0x0, 0x0, 0x0, 0x0, 0x0, 0x0,
    0x0, 0xce, 0xff, 0xff, 0xff, 0xcd, 0x5, 0xea,
    0xff, 0xff, 0xff, 0xff, 0x2e, 0x0, 0x0, 0x0,
    0x0, 0x0, 0x2b, 0xff, 0xff, 0xff, 0xff, 0x7c,
    0x0, 0x8f, 0xff, 0xff, 0xff, 0xff, 0x90, 0x0,
    0x0, 0x0, 0x0, 0x0, 0x88, 0xff, 0xff, 0xff,
    0xff, 0x2b, 0x0, 0x2e, 0xff, 0xff, 0xff, 0xff,
    0xec, 0x7, 0x0, 0x0, 0x0, 0x2, 0xe3, 0xff,
    0xff, 0xff, 0xda, 0x0, 0x0, 0x0, 0xcd, 0xff,
    0xff, 0xff, 0xff, 0x56, 0x0, 0x0, 0x0, 0x42,
    0xff, 0xff, 0xff, 0xff, 0x88, 0x98, 0xff, 0xff,
    0xff, 0xff, 0xff, 0xff, 0xff, 0xb9, 0x0, 0x0,
    0x0, 0x9f, 0xff, 0xff, 0xff, 0xff, 0x3b, 0xea,
    0xff, 0xff, 0xff, 0xff, 0xff, 0xff, 0xff, 0xfd,
    0x1f, 0x0, 0x9, 0xf2, 0xff, 0xff, 0xff, 0xe5,
    0x45, 0xff, 0xff, 0xff, 0xff, 0xff, 0xff, 0xff,
    0xff, 0xff, 0x7f, 0x0, 0x59, 0xff, 0xff, 0xff,
    0xff, 0x95, 0x18, 0x34, 0x34, 0x34, 0x34, 0x6c,
    0xff, 0xff, 0xff, 0xff, 0xe0, 0x2, 0xb6, 0xff,
    0xff, 0xff, 0xff, 0x44, 0x0, 0x0, 0x0, 0x0,
    0x0, 0x6, 0xec, 0xff, 0xff, 0xff, 0xff, 0x46,

    /* U+0042 "B" */
    0xa0, 0xff, 0xff, 0xff, 0xff, 0x8c, 0xa0, 0xff,
    0xff, 0xff, 0xff, 0xff, 0xcd, 0xf, 0x0, 0x0,
    0xa0, 0xff, 0xff, 0xff, 0xff, 0x8c, 0xa0, 0xff,
    0xff, 0xff, 0xff, 0xff, 0xff, 0xc6, 0xc, 0x0,
    0xa0, 0xff, 0xff, 0xff, 0xff, 0x8c, 0xa0, 0xff,
    0xff, 0xff, 0xff, 0xff, 0xff, 0xff, 0xbe, 0x8,
    0xa0, 0xff, 0xff, 0xff, 0xff, 0x8c, 0x28, 0x40,
    0x40, 0x40, 0xd6, 0xff, 0xff, 0xff, 0xff, 0x78,
    0xa0, 0xff, 0xff, 0xff, 0xff, 0x8c, 0x0, 0x0,
    0x0, 0x0, 0xc8, 0xff, 0xff, 0xff, 0xff, 0x80,
    0xa0, 0xff, 0xff, 0xff, 0xff, 0x8c, 0x0, 0x0,
    0x0, 0x0, 0xc8, 0xff, 0xff, 0xff, 0xff, 0x80,
    0xa0, 0xff, 0xff, 0xff, 0xff, 0x8c, 0x84, 0xd4,
    0xd4, 0xd4, 0xf6, 0xff, 0xff, 0xff, 0xe6, 0x25,
    0xa0, 0xff, 0xff, 0xff, 0xff, 0x8c, 0xa0, 0xff,
    0xff, 0xff, 0xff, 0xff, 0xff, 0xfe, 0x33, 0x0,
    0xa0, 0xff, 0xff, 0xff, 0xff, 0x8c, 0xa0, 0xff,
    0xff, 0xff, 0xff, 0xff, 0xff, 0xff, 0xb8, 0x6,
    0xa0, 0xff, 0xff, 0xff, 0xff, 0x8c, 0x0, 0x0,
    0x0, 0x0, 0xc8, 0xff, 0xff, 0xff, 0xff, 0x75,
    0xa0, 0xff, 0xff, 0xff, 0xff, 0x8c, 0x0, 0x0,
    0x0, 0x0, 0xc8, 0xff, 0xff, 0xff, 0xff, 0x80,
    0xa0, 0xff, 0xff, 0xff, 0xff, 0x8c, 0x0, 0x0,
    0x0, 0x0, 0xc8, 0xff, 0xff, 0xff, 0xff, 0x80,
    0xa0, 0xff, 0xff, 0xff, 0xff, 0x8c, 0x25, 0x3c,
    0x3c, 0x3c, 0xd5, 0xff, 0xff, 0xff, 0xff, 0x79,
    0xa0, 0xff, 0xff, 0xff, 0xff, 0x8c, 0xa0, 0xff,
    0xff, 0xff, 0xff, 0xff, 0xff, 0xff, 0xc1, 0xa,
    0xa0, 0xff, 0xff, 0xff, 0xff, 0x8c, 0xa0, 0xff,
    0xff, 0xff, 0xff, 0xff, 0xff, 0xc8, 0xd, 0x0,
    0xa0, 0xff, 0xff, 0xff, 0xff, 0x8c, 0xa0, 0xff,
    0xff, 0xff, 0xff, 0xff, 0xce, 0x10, 0x0, 0x0,

    /* U+0043 "C" */
    0x0, 0x0, 0x42, 0xf7, 0xff, 0x50, 0xdc, 0xff,
    0xff, 0xff, 0xff, 0xf0, 0x31, 0x0, 0x0, 0x0,
    0x3a, 0xf4, 0xff, 0xff, 0x50, 0xdc, 0xff, 0xff,
    0xff, 0xff, 0xff, 0xeb, 0x2b, 0x0, 0x33, 0xf0,
    0xff, 0xff, 0xff, 0x50, 0xdc, 0xff, 0xff, 0xff,
    0xff, 0xff, 0xff, 0xe6, 0x24, 0xd4, 0xff, 0xff,
    0xff, 0xff, 0x50, 0x37, 0x40, 0x40, 0x91, 0xff,
    0xff, 0xff, 0xff, 0xbc, 0xdc, 0xff, 0xff, 0xff,
    0xff, 0x50, 0x0, 0x0, 0x0, 0x6c, 0xff, 0xff,
    0xff, 0xff, 0xc4, 0xdc, 0xff, 0xff, 0xff, 0xff,
    0x50, 0x0, 0x0, 0x0, 0x6c, 0xff, 0xff, 0xff,
    0xff, 0xc4, 0xdc, 0xff, 0xff, 0xff, 0xff, 0x50,
    0x0, 0x0, 0x0, 0x2f, 0x70, 0x70, 0x70, 0x70,
    0x55, 0xdc, 0xff, 0xff, 0xff, 0xff, 0x50, 0x0,
    0x0, 0x0, 0x0, 0x0, 0x0, 0x0, 0x0, 0x0,
    0xdc, 0xff, 0xff, 0xff, 0xff, 0x50, 0x0, 0x0,
    0x0, 0x0, 0x0, 0x0, 0x0, 0x0, 0x0, 0xdc,
    0xff, 0xff, 0xff, 0xff, 0x50, 0x0, 0x0, 0x0,
    0x0, 0x0, 0x0, 0x0, 0x0, 0x0, 0xdc, 0xff,
    0xff, 0xff, 0xff, 0x50, 0x0, 0x0, 0x0, 0x3b,
    0x8c, 0x8c, 0x8c, 0x8c, 0x6b, 0xdc, 0xff, 0xff,
    0xff, 0xff, 0x50, 0x0, 0x0, 0x0, 0x6c, 0xff,
    0xff, 0xff, 0xff, 0xc4, 0xd5, 0xff, 0xff, 0xff,
    0xff, 0x50, 0x33, 0x3c, 0x3c, 0x8e, 0xff, 0xff,
    0xff, 0xff, 0xbd, 0x35, 0xf1, 0xff, 0xff, 0xff,
    0x50, 0xdc, 0xff, 0xff, 0xff, 0xff, 0xff, 0xff,
    0xe8, 0x26, 0x0, 0x3c, 0xf5, 0xff, 0xff, 0x50,
    0xdc, 0xff, 0xff, 0xff, 0xff, 0xff, 0xec, 0x2c,
    0x0, 0x0, 0x0, 0x43, 0xf7, 0xff, 0x50, 0xdc,
    0xff, 0xff, 0xff, 0xff, 0xf0, 0x32, 0x0, 0x0,

    /* U+0044 "D" */
    0xa0, 0xff, 0xff, 0xff, 0xff, 0x8c, 0xa0, 0xff,
    0xff, 0xff, 0xff, 0xff, 0xbd, 0x8, 0x0, 0x0,
    0xa0, 0xff, 0xff, 0xff, 0xff, 0x8c, 0xa0, 0xff,
    0xff, 0xff, 0xff, 0xff, 0xff, 0xb5, 0x5, 0x0,
    0xa0, 0xff, 0xff, 0xff, 0xff, 0x8c, 0xa0, 0xff,
    0xff, 0xff, 0xff, 0xff, 0xff, 0xff, 0xab, 0x3,
    0xa0, 0xff, 0xff, 0xff, 0xff, 0x8c, 0x28, 0x40,
    0x40, 0x40, 0xd6, 0xff, 0xff, 0xff, 0xff, 0x60,
    0xa0, 0xff, 0xff, 0xff, 0xff, 0x8c, 0x0, 0x0,
    0x0, 0x0, 0xc8, 0xff, 0xff, 0xff, 0xff, 0x68,
    0xa0, 0xff, 0xff, 0xff, 0xff, 0x8c, 0x0, 0x0,
    0x0, 0x0, 0xc8, 0xff, 0xff, 0xff, 0xff, 0x68,
    0xa0, 0xff, 0xff, 0xff, 0xff, 0x8c, 0x0, 0x0,
    0x0, 0x0, 0xc8, 0xff, 0xff, 0xff, 0xff, 0x68,
    0xa0, 0xff, 0xff, 0xff, 0xff, 0x8c, 0x0, 0x0,
    0x0, 0x0, 0xc8, 0xff, 0xff, 0xff, 0xff, 0x68,
    0xa0, 0xff, 0xff, 0xff, 0xff, 0x8c, 0x0, 0x0,
    0x0, 0x0, 0xc8, 0xff, 0xff, 0xff, 0xff, 0x68,
    0xa0, 0xff, 0xff, 0xff, 0xff, 0x8c, 0x0, 0x0,
    0x0, 0x0, 0xc8, 0xff, 0xff, 0xff, 0xff, 0x68,
    0xa0, 0xff, 0xff, 0xff, 0xff, 0x8c, 0x0, 0x0,
    0x0, 0x0, 0xc8, 0xff, 0xff, 0xff, 0xff, 0x68,
    0xa0, 0xff, 0xff, 0xff, 0xff, 0x8c, 0x0, 0x0,
    0x0, 0x0, 0xc8, 0xff, 0xff, 0xff, 0xff, 0x68,
    0xa0, 0xff, 0xff, 0xff, 0xff, 0x8c, 0x25, 0x3c,
    0x3c, 0x3c, 0xd5, 0xff, 0xff, 0xff, 0xff, 0x61,
    0xa0, 0xff, 0xff, 0xff, 0xff, 0x8c, 0xa0, 0xff,
    0xff, 0xff, 0xff, 0xff, 0xff, 0xff, 0xaf, 0x4,
    0xa0, 0xff, 0xff, 0xff, 0xff, 0x8c, 0xa0, 0xff,
    0xff, 0xff, 0xff, 0xff, 0xff, 0xb6, 0x6, 0x0,
    0xa0, 0xff, 0xff, 0xff, 0xff, 0x8c, 0xa0, 0xff,
    0xff, 0xff, 0xff, 0xff, 0xbe, 0x8, 0x0, 0x0,

    /* U+0045 "E" */
    0xa0, 0xff, 0xff, 0xff, 0xff, 0x8c, 0xa0, 0xff,
    0xff, 0xff, 0xff, 0xff, 0xff, 0xff, 0x78, 0xa0,
    0xff, 0xff, 0xff, 0xff, 0x8c, 0xa0, 0xff, 0xff,
    0xff, 0xff, 0xff, 0xff, 0xff, 0x78, 0xa0, 0xff,
    0xff, 0xff, 0xff, 0x8c, 0xa0, 0xff, 0xff, 0xff,
    0xff, 0xff, 0xff, 0xff, 0x78, 0xa0, 0xff, 0xff,
    0xff, 0xff, 0x8c, 0x16, 0x24, 0x24, 0x7d, 0xff,
    0xff, 0xff, 0xff, 0x78, 0xa0, 0xff, 0xff, 0xff,
    0xff, 0x8c, 0x0, 0x0, 0x0, 0x34, 0x80, 0x80,
    0x80, 0x80, 0x3c, 0xa0, 0xff, 0xff, 0xff, 0xff,
    0x8c, 0x0, 0x0, 0x0, 0x0, 0x0, 0x0, 0x0,
    0x0, 0x0, 0xa0, 0xff, 0xff, 0xff, 0xff, 0xff,
    0xff, 0xff, 0xff, 0xff, 0x84, 0x0, 0x0, 0x0,
    0x0, 0xa0, 0xff, 0xff, 0xff, 0xff, 0xff, 0xff,
    0xff, 0xff, 0xff, 0x84, 0x0, 0x0, 0x0, 0x0,
    0xa0, 0xff, 0xff, 0xff, 0xff, 0xff, 0xff, 0xff,
    0xff, 0xff, 0x84, 0x0, 0x0, 0x0, 0x0, 0xa0,
    0xff, 0xff, 0xff, 0xff, 0x9a, 0x20, 0x20, 0x20,
    0x20, 0x10, 0x0, 0x0, 0x0, 0x0, 0xa0, 0xff,
    0xff, 0xff, 0xff, 0x8c, 0x0, 0x0, 0x0, 0x0,
    0x0, 0x0, 0x0, 0x0, 0x0, 0xa0, 0xff, 0xff,
    0xff, 0xff, 0x8c, 0x0, 0x0, 0x0, 0xae, 0xf8,
    0xf8, 0xf8, 0xf8, 0x74, 0xa0, 0xff, 0xff, 0xff,
    0xff, 0x8c, 0x25, 0x3c, 0x3c, 0xc5, 0xff, 0xff,
    0xff, 0xff, 0x78, 0xa0, 0xff, 0xff, 0xff, 0xff,
    0x8c, 0xa0, 0xff, 0xff, 0xff, 0xff, 0xff, 0xff,
    0xff, 0x78, 0xa0, 0xff, 0xff, 0xff, 0xff, 0x8c,
    0xa0, 0xff, 0xff, 0xff, 0xff, 0xff, 0xff, 0xff,
    0x78, 0xa0, 0xff, 0xff, 0xff, 0xff, 0x8c, 0xa0,
    0xff, 0xff, 0xff, 0xff, 0xff, 0xff, 0xff, 0x78,

    /* U+0046 "F" */
    0xa0, 0xff, 0xff, 0xff, 0xff, 0x8c, 0xa0, 0xff,
    0xff, 0xff, 0xff, 0xff, 0xff, 0xff, 0x44, 0xa0,
    0xff, 0xff, 0xff, 0xff, 0x8c, 0xa0, 0xff, 0xff,
    0xff, 0xff, 0xff, 0xff, 0xff, 0x44, 0xa0, 0xff,
    0xff, 0xff, 0xff, 0x8c, 0xa0, 0xff, 0xff, 0xff,
    0xff, 0xff, 0xff, 0xff, 0x44, 0xa0, 0xff, 0xff,
    0xff, 0xff, 0x8c, 0x28, 0x40, 0x40, 0xee, 0xff,
    0xff, 0xff, 0xff, 0x44, 0xa0, 0xff, 0xff, 0xff,
    0xff, 0x8c, 0x0, 0x0, 0x0, 0xe8, 0xff, 0xff,
    0xff, 0xff, 0x44, 0xa0, 0xff, 0xff, 0xff, 0xff,
    0x8c, 0x0, 0x0, 0x0, 0x3a, 0x40, 0x40, 0x40,
    0x40, 0x11, 0xa0, 0xff, 0xff, 0xff, 0xff, 0x8c,
    0x0, 0x0, 0x0, 0x0, 0x0, 0x0, 0x0, 0x0,
    0x0, 0xa0, 0xff, 0xff, 0xff, 0xff, 0xff, 0xff,
    0xff, 0xff, 0xff, 0x54, 0x0, 0x0, 0x0, 0x0,
    0xa0, 0xff, 0xff, 0xff, 0xff, 0xff, 0xff, 0xff,
    0xff, 0xff, 0x54, 0x0, 0x0, 0x0, 0x0, 0xa0,
    0xff, 0xff, 0xff, 0xff, 0xff, 0xff, 0xff, 0xff,
    0xff, 0x54, 0x0, 0x0, 0x0, 0x0, 0xa0, 0xff,
    0xff, 0xff, 0xff, 0xa3, 0x34, 0x34, 0x34, 0x34,
    0x11, 0x0, 0x0, 0x0, 0x0, 0xa0, 0xff, 0xff,
    0xff, 0xff, 0x8c, 0x0, 0x0, 0x0, 0x0, 0x0,
    0x0, 0x0, 0x0, 0x0, 0xa0, 0xff, 0xff, 0xff,
    0xff, 0x8c, 0x0, 0x0, 0x0, 0x0, 0x0, 0x0,
    0x0, 0x0, 0x0, 0xa0, 0xff, 0xff, 0xff, 0xff,
    0x8c, 0x0, 0x0, 0x0, 0x0, 0x0, 0x0, 0x0,
    0x0, 0x0, 0xa0, 0xff, 0xff, 0xff, 0xff, 0x8c,
    0x0, 0x0, 0x0, 0x0, 0x0, 0x0, 0x0, 0x0,
    0x0, 0xa0, 0xff, 0xff, 0xff, 0xff, 0x8c, 0x0,
    0x0, 0x0, 0x0, 0x0, 0x0, 0x0, 0x0, 0x0,

    /* U+0047 "G" */
    0x0, 0x0, 0x21, 0xe4, 0xff, 0x88, 0xa8, 0xff,
    0xff, 0xff, 0xff, 0xff, 0xef, 0x27, 0x0, 0x0,
    0x0, 0x1c, 0xdf, 0xff, 0xff, 0x88, 0xa8, 0xff,
    0xff, 0xff, 0xff, 0xff, 0xff, 0xda, 0x12, 0x0,
    0x17, 0xd8, 0xff, 0xff, 0xff, 0x88, 0xa8, 0xff,
    0xff, 0xff, 0xff, 0xff, 0xff, 0xff, 0xbe, 0x4,
    0xa0, 0xff, 0xff, 0xff, 0xff, 0x88, 0x2a, 0x40,
    0x40, 0x40, 0xd9, 0xff, 0xff, 0xff, 0xff, 0x5d,
    0xa8, 0xff, 0xff, 0xff, 0xff, 0x88, 0x0, 0x0,
    0x0, 0x0, 0x9f, 0xc8, 0xc8, 0xc8, 0xc8, 0x4e,
    0xa8, 0xff, 0xff, 0xff, 0xff, 0x88, 0x0, 0x0,
    0x0, 0x0, 0x0, 0x0, 0x0, 0x0, 0x0, 0x0,
    0xa8, 0xff, 0xff, 0xff, 0xff, 0x88, 0x0, 0x0,
    0x0, 0x0, 0x0, 0x0, 0x0, 0x0, 0x0, 0x0,
    0xa8, 0xff, 0xff, 0xff, 0xff, 0x88, 0x0, 0x0,
    0xbc, 0xff, 0xff, 0xff, 0xff, 0xff, 0xff, 0x64,
    0xa8, 0xff, 0xff, 0xff, 0xff, 0x88, 0x0, 0x0,
    0xbc, 0xff, 0xff, 0xff, 0xff, 0xff, 0xff, 0x64,
    0xa8, 0xff, 0xff, 0xff, 0xff, 0x88, 0x0, 0x0,
    0xbc, 0xff, 0xff, 0xff, 0xff, 0xff, 0xff, 0x64,
    0xa8, 0xff, 0xff, 0xff, 0xff, 0x88, 0x0, 0x0,
    0x29, 0x38, 0x60, 0xff, 0xff, 0xff, 0xff, 0x64,
    0xa8, 0xff, 0xff, 0xff, 0xff, 0x88, 0x0, 0x0,
    0x0, 0x0, 0x34, 0xff, 0xff, 0xff, 0xff, 0x64,
    0xa1, 0xff, 0xff, 0xff, 0xff, 0xa4, 0x3c, 0x3c,
    0x3c, 0x3a, 0x34, 0xff, 0xff, 0xff, 0xff, 0x64,
    0x18, 0xda, 0xff, 0xff, 0xff, 0xff, 0xff, 0xff,
    0xff, 0xf8, 0x34, 0xff, 0xff, 0xff, 0xff, 0x64,
    0x0, 0x1d, 0xe0, 0xff, 0xff, 0xff, 0xff, 0xff,
    0xff, 0xf8, 0x34, 0xff, 0xff, 0xff, 0xff, 0x64,
    0x0, 0x0, 0x22, 0xe4, 0xff, 0xff, 0xff, 0xff,
    0xff, 0xf8, 0x34, 0xff, 0xff, 0xff, 0xff, 0x64,

    /* U+0048 "H" */
    0xa0, 0xff, 0xff, 0xff, 0xff, 0x8c, 0x0, 0x0,
    0x0, 0x0, 0xd0, 0xff, 0xff, 0xff, 0xff, 0x68,
    0xa0, 0xff, 0xff, 0xff, 0xff, 0x8c, 0x0, 0x0,
    0x0, 0x0, 0xd0, 0xff, 0xff, 0xff, 0xff, 0x68,
    0xa0, 0xff, 0xff, 0xff, 0xff, 0x8c, 0x0, 0x0,
    0x0, 0x0, 0xd0, 0xff, 0xff, 0xff, 0xff, 0x68,
    0xa0, 0xff, 0xff, 0xff, 0xff, 0x8c, 0x0, 0x0,
    0x0, 0x0, 0xd0, 0xff, 0xff, 0xff, 0xff, 0x68,
    0xa0, 0xff, 0xff, 0xff, 0xff, 0x8c, 0x0, 0x0,
    0x0, 0x0, 0xd0, 0xff, 0xff, 0xff, 0xff, 0x68,
    0xa0, 0xff, 0xff, 0xff, 0xff, 0x8c, 0x0, 0x0,
    0x0, 0x0, 0xd0, 0xff, 0xff, 0xff, 0xff, 0x68,
    0xa0, 0xff, 0xff, 0xff, 0xff, 0x8c, 0xa0, 0xff,
    0xff, 0xff, 0xff, 0xff, 0xff, 0xff, 0xff, 0x68,
    0xa0, 0xff, 0xff, 0xff, 0xff, 0x8c, 0xa0, 0xff,
    0xff, 0xff, 0xff, 0xff, 0xff, 0xff, 0xff, 0x68,
    0xa0, 0xff, 0xff, 0xff, 0xff, 0x8c, 0xa0, 0xff,
    0xff, 0xff, 0xff, 0xff, 0xff, 0xff, 0xff, 0x68,
    0xa0, 0xff, 0xff, 0xff, 0xff, 0x8c, 0x28, 0x40,
    0x40, 0x40, 0xd6, 0xff, 0xff, 0xff, 0xff, 0x68,
    0xa0, 0xff, 0xff, 0xff, 0xff, 0x8c, 0x0, 0x0,
    0x0, 0x0, 0xc8, 0xff, 0xff, 0xff, 0xff, 0x68,
    0xa0, 0xff, 0xff, 0xff, 0xff, 0x8c, 0x0, 0x0,
    0x0, 0x0, 0xc8, 0xff, 0xff, 0xff, 0xff, 0x68,
    0xa0, 0xff, 0xff, 0xff, 0xff, 0x8c, 0x0, 0x0,
    0x0, 0x0, 0xc8, 0xff, 0xff, 0xff, 0xff, 0x68,
    0xa0, 0xff, 0xff, 0xff, 0xff, 0x8c, 0x0, 0x0,
    0x0, 0x0, 0xc8, 0xff, 0xff, 0xff, 0xff, 0x68,
    0xa0, 0xff, 0xff, 0xff, 0xff, 0x8c, 0x0, 0x0,
    0x0, 0x0, 0xc8, 0xff, 0xff, 0xff, 0xff, 0x68,
    0xa0, 0xff, 0xff, 0xff, 0xff, 0x8c, 0x0, 0x0,
    0x0, 0x0, 0xc8, 0xff, 0xff, 0xff, 0xff, 0x68,

    /* U+0049 "I" */
    0xdc, 0xff, 0xff, 0xff, 0xff, 0xff, 0xff, 0xff,
    0x70, 0xdc, 0xff, 0xff, 0xff, 0xff, 0xff, 0xff,
    0xff, 0x70, 0xdc, 0xff, 0xff, 0xff, 0xff, 0xff,
    0xff, 0xff, 0x70, 0x63, 0x9d, 0xff, 0xff, 0xff,
    0xff, 0xee, 0x74, 0x32, 0x0, 0x4c, 0xff, 0xff,
    0xff, 0xff, 0xe0, 0x0, 0x0, 0x0, 0x4c, 0xff,
    0xff, 0xff, 0xff, 0xe0, 0x0, 0x0, 0x0, 0x4c,
    0xff, 0xff, 0xff, 0xff, 0xe0, 0x0, 0x0, 0x0,
    0x4c, 0xff, 0xff, 0xff, 0xff, 0xe0, 0x0, 0x0,
    0x0, 0x4c, 0xff, 0xff, 0xff, 0xff, 0xe0, 0x0,
    0x0, 0x0, 0x4c, 0xff, 0xff, 0xff, 0xff, 0xe0,
    0x0, 0x0, 0x0, 0x4c, 0xff, 0xff, 0xff, 0xff,
    0xe0, 0x0, 0x0, 0x0, 0x4c, 0xff, 0xff, 0xff,
    0xff, 0xe0, 0x0, 0x0, 0x67, 0xa0, 0xff, 0xff,
    0xff, 0xff, 0xef, 0x78, 0x34, 0xdc, 0xff, 0xff,
    0xff, 0xff, 0xff, 0xff, 0xff, 0x70, 0xdc, 0xff,
    0xff, 0xff, 0xff, 0xff, 0xff, 0xff, 0x70, 0xdc,
    0xff, 0xff, 0xff, 0xff, 0xff, 0xff, 0xff, 0x70,

    /* U+004A "J" */
    0x0, 0x0, 0x80, 0xff, 0xff, 0xff, 0xff, 0xff,
    0xff, 0xff, 0xff, 0xff, 0xff, 0xff, 0xd4, 0x0,
    0x0, 0x80, 0xff, 0xff, 0xff, 0xff, 0xff, 0xff,
    0xff, 0xff, 0xff, 0xff, 0xff, 0xd4, 0x0, 0x0,
    0x80, 0xff, 0xff, 0xff, 0xff, 0xff, 0xff, 0xff,
    0xff, 0xff, 0xff, 0xff, 0xd4, 0x0, 0x0, 0x44,
    0x88, 0x88, 0x88, 0x88, 0x88, 0x88, 0xb3, 0xff,
    0xff, 0xff, 0xff, 0xd4, 0x0, 0x0, 0x0, 0x0,
    0x0, 0x0, 0x0, 0x0, 0x0, 0x5c, 0xff, 0xff,
    0xff, 0xff, 0xd4, 0x0, 0x0, 0x0, 0x0, 0x0,
    0x0, 0x0, 0x0, 0x0, 0x5c, 0xff, 0xff, 0xff,
    0xff, 0xd4, 0x0, 0x0, 0x0, 0x0, 0x0, 0x0,
    0x0, 0x0, 0x0, 0x5c, 0xff, 0xff, 0xff, 0xff,
    0xd4, 0x0, 0x0, 0x0, 0x0, 0x0, 0x0, 0x0,
    0x0, 0x0, 0x5c, 0xff, 0xff, 0xff, 0xff, 0xd4,
    0x0, 0x0, 0x0, 0x0, 0x0, 0x0, 0x0, 0x0,
    0x0, 0x5c, 0xff, 0xff, 0xff, 0xff, 0xd4, 0x46,
    0xb4, 0xb4, 0xb4, 0xb4, 0xb1, 0x0, 0x0, 0x0,
    0x5c, 0xff, 0xff, 0xff, 0xff, 0xd4, 0x64, 0xff,
    0xff, 0xff, 0xff, 0xfc, 0x0, 0x0, 0x0, 0x5c,
    0xff, 0xff, 0xff, 0xff, 0xd4, 0x64, 0xff, 0xff,
    0xff, 0xff, 0xfc, 0x0, 0x0, 0x0, 0x5c, 0xff,
    0xff, 0xff, 0xff, 0xd4, 0x5d, 0xff, 0xff, 0xff,
    0xff, 0xfc, 0x3c, 0x3c, 0x31, 0x5c, 0xff, 0xff,
    0xff, 0xff, 0xcd, 0x3, 0xab, 0xff, 0xff, 0xff,
    0xff, 0xff, 0xff, 0xd4, 0x5c, 0xff, 0xff, 0xff,
    0xee, 0x30, 0x0, 0x5, 0xb2, 0xff, 0xff, 0xff,
    0xff, 0xff, 0xd4, 0x5c, 0xff, 0xff, 0xf2, 0x36,
    0x0, 0x0, 0x0, 0x7, 0xb8, 0xff, 0xff, 0xff,
    0xff, 0xd4, 0x5c, 0xff, 0xf5, 0x3d, 0x0, 0x0,

    /* U+004B "K" */
    0xa0, 0xff, 0xff, 0xff, 0xff, 0x8c, 0x0, 0x0,
    0x0, 0x53, 0xff, 0xff, 0xff, 0xff, 0xf0, 0x1b,
    0xa0, 0xff, 0xff, 0xff, 0xff, 0x8c, 0x0, 0x0,
    0xb, 0xe2, 0xff, 0xff, 0xff, 0xff, 0x63, 0x0,
    0xa0, 0xff, 0xff, 0xff, 0xff, 0x8c, 0x0, 0x0,
    0x8c, 0xff, 0xff, 0xff, 0xff, 0xba, 0x0, 0x0,
    0xa0, 0xff, 0xff, 0xff, 0xff, 0x8c, 0x0, 0x2c,
    0xfb, 0xff, 0xff, 0xff, 0xf3, 0x1f, 0x0, 0x0,
    0xa0, 0xff, 0xff, 0xff, 0xff, 0x8c, 0x1, 0xc3,
    0xff, 0xff, 0xff, 0xff, 0x6a, 0x0, 0x0, 0x0,
    0xa0, 0xff, 0xff, 0xff, 0xff, 0x8c, 0x60, 0xff,
    0xff, 0xff, 0xff, 0xc0, 0x1, 0x0, 0x0, 0x0,
    0xa0, 0xff, 0xff, 0xff, 0xff, 0x8c, 0xa8, 0xff,
    0xff, 0xff, 0xf5, 0x23, 0x0, 0x0, 0x0, 0x0,
    0xa0, 0xff, 0xff, 0xff, 0xff, 0x8c, 0xa8, 0xff,
    0xff, 0xff, 0x71, 0x20, 0x0, 0x0, 0x0, 0x0,
    0xa0, 0xff, 0xff, 0xff, 0xff, 0x8c, 0xa8, 0xff,
    0xff, 0xc6, 0x4e, 0xcf, 0x1, 0x0, 0x0, 0x0,
    0xa0, 0xff, 0xff, 0xff, 0xff, 0x8c, 0xa8, 0xff,
    0xf8, 0x36, 0xe3, 0xff, 0x53, 0x0, 0x0, 0x0,
    0xa0, 0xff, 0xff, 0xff, 0xff, 0x8c, 0xa8, 0xff,
    0x78, 0x96, 0xff, 0xff, 0xd3, 0x1, 0x0, 0x0,
    0xa0, 0xff, 0xff, 0xff, 0xff, 0x8c, 0xa8, 0xcc,
    0x40, 0xfe, 0xff, 0xff, 0xff, 0x57, 0x0, 0x0,
    0xa0, 0xff, 0xff, 0xff, 0xff, 0x8c, 0xa2, 0x2d,
    0x96, 0xff, 0xff, 0xff, 0xff, 0xd6, 0x2, 0x0,
    0xa0, 0xff, 0xff, 0xff, 0xff, 0x8c, 0x2d, 0x0,
    0x2b, 0xfe, 0xff, 0xff, 0xff, 0xff, 0x5b, 0x0,
    0xa0, 0xff, 0xff, 0xff, 0xff, 0x8c, 0x0, 0x0,
    0x0, 0xb1, 0xff, 0xff, 0xff, 0xff, 0xd9, 0x3,
    0xa0, 0xff, 0xff, 0xff, 0xff, 0x8c, 0x0, 0x0,
    0x0, 0x38, 0xff, 0xff, 0xff, 0xff, 0xff, 0x5f,

    /* U+004C "L" */
    0xa0, 0xff, 0xff, 0xff, 0xff, 0x8c, 0x0, 0x0,
    0x0, 0x0, 0x0, 0x0, 0x0, 0x0, 0xa0, 0xff,
    0xff, 0xff, 0xff, 0x8c, 0x0, 0x0, 0x0, 0x0,
    0x0, 0x0, 0x0, 0x0, 0xa0, 0xff, 0xff, 0xff,
    0xff, 0x8c, 0x0, 0x0, 0x0, 0x0, 0x0, 0x0,
    0x0, 0x0, 0xa0, 0xff, 0xff, 0xff, 0xff, 0x8c,
    0x0, 0x0, 0x0, 0x0, 0x0, 0x0, 0x0, 0x0,
    0xa0, 0xff, 0xff, 0xff, 0xff, 0x8c, 0x0, 0x0,
    0x0, 0x0, 0x0, 0x0, 0x0, 0x0, 0xa0, 0xff,
    0xff, 0xff, 0xff, 0x8c, 0x0, 0x0, 0x0, 0x0,
    0x0, 0x0, 0x0, 0x0, 0xa0, 0xff, 0xff, 0xff,
    0xff, 0x8c, 0x0, 0x0, 0x0, 0x0, 0x0, 0x0,
    0x0, 0x0, 0xa0, 0xff, 0xff, 0xff, 0xff, 0x8c,
    0x0, 0x0, 0x0, 0x0, 0x0, 0x0, 0x0, 0x0,
    0xa0, 0xff, 0xff, 0xff, 0xff, 0x8c, 0x0, 0x0,
    0x0, 0x0, 0x0, 0x0, 0x0, 0x0, 0xa0, 0xff,
    0xff, 0xff, 0xff, 0x8c, 0x0, 0x0, 0x0, 0x0,
    0x0, 0x0, 0x0, 0x0, 0xa0, 0xff, 0xff, 0xff,
    0xff, 0x8c, 0x0, 0x0, 0x4, 0x44, 0x44, 0x44,
    0x44, 0x2b, 0xa0, 0xff, 0xff, 0xff, 0xff, 0x8c,
    0x0, 0x0, 0x10, 0xff, 0xff, 0xff, 0xff, 0xa4,
    0xa0, 0xff, 0xff, 0xff, 0xff, 0x8c, 0x25, 0x3c,
    0x48, 0xff, 0xff, 0xff, 0xff, 0xa4, 0xa0, 0xff,
    0xff, 0xff, 0xff, 0x8c, 0xa0, 0xff, 0xff, 0xff,
    0xff, 0xff, 0xff, 0xa4, 0xa0, 0xff, 0xff, 0xff,
    0xff, 0x8c, 0xa0, 0xff, 0xff, 0xff, 0xff, 0xff,
    0xff, 0xa4, 0xa0, 0xff, 0xff, 0xff, 0xff, 0x8c,
    0xa0, 0xff, 0xff, 0xff, 0xff, 0xff, 0xff, 0xa4,

    /* U+004D "M" */
    0x53, 0xff, 0xff, 0xff, 0xff, 0xfd, 0x31, 0x0,
    0x0, 0x0, 0x0, 0x0, 0x0, 0x0, 0xe4, 0xff,
    0xff, 0xff, 0xff, 0x48, 0x13, 0xc0, 0xff, 0xff,
    0xff, 0xff, 0xc4, 0x0, 0x0, 0x0, 0x0, 0x0,
    0x0, 0x20, 0xe4, 0xff, 0xff, 0xff, 0xff, 0x48,
    0x88, 0x3e, 0xfd, 0xff, 0xff, 0xff, 0xff, 0x5b,
    0x0, 0x0, 0x0, 0x0, 0x52, 0x58, 0xe4, 0xff,
    0xff, 0xff, 0xff, 0x48, 0xa0, 0x8a, 0x9b, 0xff,
    0xff, 0xff, 0xff, 0xe5, 0xc, 0x0, 0x0, 0x6,
    0xdc, 0x58, 0xe4, 0xff, 0xff, 0xff, 0xff, 0x48,
    0xa0, 0xf9, 0x3c, 0xf1, 0xff, 0xff, 0xff, 0xff,
    0x87, 0x0, 0x0, 0x75, 0xff, 0x58, 0xe4, 0xff,
    0xff, 0xff, 0xff, 0x48, 0xa0, 0xff, 0xb3, 0x76,
    0xff, 0xff, 0xff, 0xff, 0xf9, 0x24, 0x15, 0xf0,
    0xff, 0x58, 0xe4, 0xff, 0xff, 0xff, 0xff, 0x48,
    0xa0, 0xff, 0xff, 0x4e, 0xdc, 0xff, 0xff, 0xff,
    0xff, 0xb4, 0x98, 0xff, 0xff, 0x58, 0xe4, 0xff,
    0xff, 0xff, 0xff, 0x48, 0xa0, 0xff, 0xff, 0xd7,
    0x55, 0xff, 0xff, 0xff, 0xff, 0xff, 0xfe, 0xff,
    0xff, 0x58, 0xe4, 0xff, 0xff, 0xff, 0xff, 0x48,
    0xa0, 0xff, 0xff, 0xff, 0x70, 0xbe, 0xff, 0xff,
    0xff, 0xff, 0xff, 0xff, 0xff, 0x58, 0xe4, 0xff,
    0xff, 0xff, 0xff, 0x48, 0xa0, 0xff, 0xff, 0xff,
    0xef, 0x41, 0xfc, 0xff, 0xff, 0xff, 0xff, 0xff,
    0xff, 0x3c, 0xe4, 0xff, 0xff, 0xff, 0xff, 0x48,
    0xa0, 0xff, 0xff, 0xff, 0xff, 0x38, 0x98, 0xff,
    0xff, 0xff, 0xff, 0xff, 0xb7, 0x0, 0xe4, 0xff,
    0xff, 0xff, 0xff, 0x48, 0xa0, 0xff, 0xff, 0xff,
    0xff, 0x38, 0x15, 0xf0, 0xff, 0xff, 0xff, 0xfc,
    0x2c, 0x0, 0xe4, 0xff, 0xff, 0xff, 0xff, 0x48,
    0xa0, 0xff, 0xff, 0xff, 0xff, 0x38, 0x0, 0x73,
    0xff, 0xff, 0xff, 0x9b, 0x0, 0x0, 0xe4, 0xff,
    0xff, 0xff, 0xff, 0x48, 0xa0, 0xff, 0xff, 0xff,
    0xff, 0x38, 0x0, 0x5, 0xda, 0xff, 0xf4, 0x18,
    0x0, 0x0, 0xe4, 0xff, 0xff, 0xff, 0xff, 0x48,
    0xa0, 0xff, 0xff, 0xff, 0xff, 0x38, 0x0, 0x0,
    0x4e, 0xff, 0x7e, 0x0, 0x0, 0x0, 0xe4, 0xff,
    0xff, 0xff, 0xff, 0x48, 0xa0, 0xff, 0xff, 0xff,
    0xff, 0x38, 0x0, 0x0, 0x0, 0xa0, 0xa, 0x0,
    0x0, 0x0, 0xe4, 0xff, 0xff, 0xff, 0xff, 0x48,
    0x0, 0x0, 0x0, 0x0, 0x0, 0x0, 0x0, 0x0,
    0x0, 0x1, 0x0, 0x0, 0x0, 0x0, 0x0, 0x0,
    0x0, 0x0, 0x0, 0x0,

    /* U+004E "N" */
    0x55, 0xff, 0xff, 0xff, 0xff, 0xfa, 0x28, 0x0,
    0x0, 0x0, 0x34, 0xff, 0xff, 0xff, 0xff, 0x4c,
    0x11, 0xbd, 0xff, 0xff, 0xff, 0xff, 0xba, 0x0,
    0x0, 0x0, 0x34, 0xff, 0xff, 0xff, 0xff, 0x4c,
    0x87, 0x39, 0xfb, 0xff, 0xff, 0xff, 0xff, 0x51,
    0x0, 0x0, 0x34, 0xff, 0xff, 0xff, 0xff, 0x4c,
    0xa0, 0x8d, 0x91, 0xff, 0xff, 0xff, 0xff, 0xdf,
    0x9, 0x0, 0x34, 0xff, 0xff, 0xff, 0xff, 0x4c,
    0xa0, 0xfa, 0x3a, 0xea, 0xff, 0xff, 0xff, 0xff,
    0x80, 0x0, 0x34, 0xff, 0xff, 0xff, 0xff, 0x4c,
    0xa0, 0xff, 0xbc, 0x63, 0xff, 0xff, 0xff, 0xff,
    0xf7, 0x20, 0x34, 0xff, 0xff, 0xff, 0xff, 0x4c,
    0xa0, 0xff, 0xff, 0x56, 0xca, 0xff, 0xff, 0xff,
    0xff, 0xae, 0x32, 0xff, 0xff, 0xff, 0xff, 0x4c,
    0xa0, 0xff, 0xff, 0xe2, 0x41, 0xfe, 0xff, 0xff,
    0xff, 0xff, 0x48, 0xce, 0xff, 0xff, 0xff, 0x4c,
    0xa0, 0xff, 0xff, 0xff, 0x85, 0x9f, 0xff, 0xff,
    0xff, 0xff, 0xd7, 0x40, 0xff, 0xff, 0xff, 0x4c,
    0xa0, 0xff, 0xff, 0xff, 0xe2, 0x17, 0xf1, 0xff,
    0xff, 0xff, 0xff, 0x74, 0xa4, 0xff, 0xff, 0x4c,
    0xa0, 0xff, 0xff, 0xff, 0xe4, 0x0, 0x71, 0xff,
    0xff, 0xff, 0xff, 0xf2, 0x33, 0xf3, 0xff, 0x4c,
    0xa0, 0xff, 0xff, 0xff, 0xe4, 0x0, 0x4, 0xd6,
    0xff, 0xff, 0xff, 0xff, 0xa2, 0x76, 0xff, 0x4c,
    0xa0, 0xff, 0xff, 0xff, 0xe4, 0x0, 0x0, 0x44,
    0xff, 0xff, 0xff, 0xff, 0xfe, 0x41, 0xd9, 0x4c,
    0xa0, 0xff, 0xff, 0xff, 0xe4, 0x0, 0x0, 0x0,
    0xad, 0xff, 0xff, 0xff, 0xff, 0xce, 0x4b, 0x4b,
    0xa0, 0xff, 0xff, 0xff, 0xe4, 0x0, 0x0, 0x0,
    0x1f, 0xf6, 0xff, 0xff, 0xff, 0xff, 0x68, 0x11,
    0xa0, 0xff, 0xff, 0xff, 0xe4, 0x0, 0x0, 0x0,
    0x0, 0x7f, 0xff, 0xff, 0xff, 0xff, 0xed, 0x13,

    /* U+004F "O" */
    0x0, 0x0, 0x56, 0xfc, 0xff, 0xff, 0xff, 0x2c,
    0xff, 0xff, 0xff, 0xff, 0x77, 0x0, 0x0, 0x0,
    0x0, 0x4f, 0xfb, 0xff, 0xff, 0xff, 0xff, 0x2c,
    0xff, 0xff, 0xff, 0xff, 0xff, 0x6e, 0x0, 0x0,
    0x49, 0xf9, 0xff, 0xff, 0xff, 0xff, 0xff, 0x2c,
    0xff, 0xff, 0xff, 0xff, 0xff, 0xff, 0x67, 0x0,
    0xf4, 0xff, 0xff, 0xff, 0xff, 0x70, 0x4c, 0xd,
    0x4c, 0x54, 0xff, 0xff, 0xff, 0xff, 0xfe, 0x1a,
    0xfc, 0xff, 0xff, 0xff, 0xff, 0x34, 0x0, 0x0,
    0x0, 0xc, 0xff, 0xff, 0xff, 0xff, 0xff, 0x20,
    0xfc, 0xff, 0xff, 0xff, 0xff, 0x34, 0x0, 0x0,
    0x0, 0xc, 0xff, 0xff, 0xff, 0xff, 0xff, 0x20,
    0xfc, 0xff, 0xff, 0xff, 0xff, 0x34, 0x0, 0x0,
    0x0, 0xc, 0xff, 0xff, 0xff, 0xff, 0xff, 0x20,
    0xfc, 0xff, 0xff, 0xff, 0xff, 0x34, 0x0, 0x0,
    0x0, 0xc, 0xff, 0xff, 0xff, 0xff, 0xff, 0x20,
    0xfc, 0xff, 0xff, 0xff, 0xff, 0x34, 0x0, 0x0,
    0x0, 0xc, 0xff, 0xff, 0xff, 0xff, 0xff, 0x20,
    0xfc, 0xff, 0xff, 0xff, 0xff, 0x34, 0x0, 0x0,
    0x0, 0xc, 0xff, 0xff, 0xff, 0xff, 0xff, 0x20,
    0xfc, 0xff, 0xff, 0xff, 0xff, 0x34, 0x0, 0x0,
    0x0, 0xc, 0xff, 0xff, 0xff, 0xff, 0xff, 0x20,
    0xfc, 0xff, 0xff, 0xff, 0xff, 0x34, 0x0, 0x0,
    0x0, 0xc, 0xff, 0xff, 0xff, 0xff, 0xff, 0x20,
    0xf5, 0xff, 0xff, 0xff, 0xff, 0x70, 0x4c, 0xd,
    0x4c, 0x54, 0xff, 0xff, 0xff, 0xff, 0xfe, 0x1a,
    0x4b, 0xfa, 0xff, 0xff, 0xff, 0xff, 0xff, 0x2c,
    0xff, 0xff, 0xff, 0xff, 0xff, 0xff, 0x6a, 0x0,
    0x0, 0x52, 0xfb, 0xff, 0xff, 0xff, 0xff, 0x2c,
    0xff, 0xff, 0xff, 0xff, 0xff, 0x71, 0x0, 0x0,
    0x0, 0x0, 0x57, 0xfc, 0xff, 0xff, 0xff, 0x2c,
    0xff, 0xff, 0xff, 0xff, 0x78, 0x0, 0x0, 0x0,

    /* U+0050 "P" */
    0xa0, 0xff, 0xff, 0xff, 0xff, 0x74, 0xb8, 0xff,
    0xff, 0xff, 0xff, 0xff, 0x91, 0x0, 0x0, 0x0,
    0xa0, 0xff, 0xff, 0xff, 0xff, 0x74, 0xb8, 0xff,
    0xff, 0xff, 0xff, 0xff, 0xff, 0x86, 0x0, 0x0,
    0xa0, 0xff, 0xff, 0xff, 0xff, 0x74, 0xb8, 0xff,
    0xff, 0xff, 0xff, 0xff, 0xff, 0xff, 0x7b, 0x0,
    0xa0, 0xff, 0xff, 0xff, 0xff, 0x74, 0x2e, 0x40,
    0x40, 0x40, 0xf7, 0xff, 0xff, 0xff, 0xff, 0x2c,
    0xa0, 0xff, 0xff, 0xff, 0xff, 0x74, 0x0, 0x0,
    0x0, 0x0, 0xf4, 0xff, 0xff, 0xff, 0xff, 0x34,
    0xa0, 0xff, 0xff, 0xff, 0xff, 0x74, 0x0, 0x0,
    0x0, 0x0, 0xf4, 0xff, 0xff, 0xff, 0xff, 0x34,
    0xa0, 0xff, 0xff, 0xff, 0xff, 0x74, 0x0, 0x0,
    0x0, 0x0, 0xf4, 0xff, 0xff, 0xff, 0xff, 0x34,
    0xa0, 0xff, 0xff, 0xff, 0xff, 0x74, 0x0, 0x0,
    0x0, 0x0, 0xf4, 0xff, 0xff, 0xff, 0xff, 0x34,
    0xa0, 0xff, 0xff, 0xff, 0xff, 0x74, 0x2e, 0x40,
    0x40, 0x40, 0xf7, 0xff, 0xff, 0xff, 0xff, 0x2c,
    0xa0, 0xff, 0xff, 0xff, 0xff, 0x74, 0xb8, 0xff,
    0xff, 0xff, 0xff, 0xff, 0xff, 0xff, 0x7b, 0x0,
    0xa0, 0xff, 0xff, 0xff, 0xff, 0x74, 0xb8, 0xff,
    0xff, 0xff, 0xff, 0xff, 0xff, 0x86, 0x0, 0x0,
    0xa0, 0xff, 0xff, 0xff, 0xff, 0x74, 0xb8, 0xff,
    0xff, 0xff, 0xff, 0xff, 0x92, 0x0, 0x0, 0x0,
    0xa0, 0xff, 0xff, 0xff, 0xff, 0x74, 0x0, 0x0,
    0x0, 0x0, 0x0, 0x0, 0x0, 0x0, 0x0, 0x0,
    0xa0, 0xff, 0xff, 0xff, 0xff, 0x74, 0x0, 0x0,
    0x0, 0x0, 0x0, 0x0, 0x0, 0x0, 0x0, 0x0,
    0xa0, 0xff, 0xff, 0xff, 0xff, 0x74, 0x0, 0x0,
    0x0, 0x0, 0x0, 0x0, 0x0, 0x0, 0x0, 0x0,
    0xa0, 0xff, 0xff, 0xff, 0xff, 0x74, 0x0, 0x0,
    0x0, 0x0, 0x0, 0x0, 0x0, 0x0, 0x0, 0x0,

    /* U+0051 "Q" */
    0x0, 0x0, 0x5c, 0xfd, 0xff, 0xff, 0xff, 0x34,
    0xff, 0xff, 0xff, 0xff, 0x6a, 0x0, 0x0, 0x0,
    0x0, 0x52, 0xfc, 0xff, 0xff, 0xff, 0xff, 0x34,
    0xff, 0xff, 0xff, 0xff, 0xfe, 0x60, 0x0, 0x0,
    0x4a, 0xf9, 0xff, 0xff, 0xff, 0xff, 0xff, 0x34,
    0xff, 0xff, 0xff, 0xff, 0xff, 0xfc, 0x56, 0x0,
    0xf4, 0xff, 0xff, 0xff, 0xff, 0x64, 0x40, 0xd,
    0x40, 0x5b, 0xff, 0xff, 0xff, 0xff, 0xfa, 0x9,
    0xfc, 0xff, 0xff, 0xff, 0xff, 0x30, 0x0, 0x0,
    0x0, 0x24, 0xff, 0xff, 0xff, 0xff, 0xff, 0xc,
    0xfc, 0xff, 0xff, 0xff, 0xff, 0x30, 0x0, 0x0,
    0x0, 0x24, 0xff, 0xff, 0xff, 0xff, 0xff, 0xc,
    0xfc, 0xff, 0xff, 0xff, 0xff, 0x30, 0x0, 0x0,
    0x0, 0x24, 0xff, 0xff, 0xff, 0xff, 0xff, 0xc,
    0xfc, 0xff, 0xff, 0xff, 0xff, 0x30, 0x0, 0x0,
    0x0, 0x24, 0xff, 0xff, 0xff, 0xff, 0xff, 0xc,
    0xfc, 0xff, 0xff, 0xff, 0xff, 0x30, 0x0, 0x0,
    0x0, 0x24, 0xff, 0xff, 0xff, 0xff, 0xff, 0xc,
    0xfc, 0xff, 0xff, 0xff, 0xff, 0x30, 0x0, 0x0,
    0x0, 0x24, 0xff, 0xff, 0xff, 0xff, 0xff, 0xc,
    0xfc, 0xff, 0xff, 0xff, 0xff, 0x30, 0x0, 0x0,
    0x0, 0x24, 0xff, 0xff, 0xff, 0xff, 0xff, 0xc,
    0xfc, 0xff, 0xff, 0xff, 0xff, 0x30, 0x0, 0x0,
    0x0, 0x24, 0xff, 0xff, 0xff, 0xff, 0xff, 0xc,
    0xf5, 0xff, 0xff, 0xff, 0xff, 0x60, 0x3c, 0x3c,
    0x3c, 0x25, 0xd5, 0xff, 0xff, 0xff, 0xfb, 0x9,
    0x4d, 0xfa, 0xff, 0xff, 0xff, 0xff, 0xff, 0xff,
    0xff, 0xe4, 0x3a, 0xce, 0xff, 0xfd, 0x5b, 0x0,
    0x0, 0x55, 0xfc, 0xff, 0xff, 0xff, 0xff, 0xff,
    0xff, 0xff, 0xe6, 0x38, 0xc6, 0x68, 0x0, 0x0,
    0x0, 0x0, 0x5d, 0xfd, 0xff, 0xff, 0xff, 0xff,
    0xff, 0xff, 0xff, 0xe7, 0x2e, 0x0, 0x0, 0x0,
    0x0, 0x0, 0x0, 0x0, 0x0, 0x0, 0x0, 0x80,
    0xff, 0xff, 0xff, 0xff, 0xe9, 0x2c, 0x0, 0x0,
    0x0, 0x0, 0x0, 0x0, 0x0, 0x0, 0x0, 0x0,
    0x7f, 0xff, 0xff, 0xff, 0xff, 0xeb, 0x1d, 0x0,
    0x0, 0x0, 0x0, 0x0, 0x0, 0x0, 0x0, 0x0,
    0x0, 0x7e, 0xff, 0xff, 0xff, 0x95, 0x0, 0x0,
    0x0, 0x0, 0x0, 0x0, 0x0, 0x0, 0x0, 0x0,
    0x0, 0x0, 0x7d, 0xff, 0x97, 0x1, 0x0, 0x0,
    0x0, 0x0, 0x0, 0x0, 0x0, 0x0, 0x0, 0x0,
    0x0, 0x0, 0x0, 0x4b, 0x1, 0x0, 0x0, 0x0,

    /* U+0052 "R" */
    0xa0, 0xff, 0xff, 0xff, 0xff, 0x8c, 0xa0, 0xff,
    0xff, 0xff, 0xff, 0xff, 0xbd, 0x8, 0x0, 0x0,
    0xa0, 0xff, 0xff, 0xff, 0xff, 0x8c, 0xa0, 0xff,
    0xff, 0xff, 0xff, 0xff, 0xff, 0xb5, 0x5, 0x0,
    0xa0, 0xff, 0xff, 0xff, 0xff, 0x8c, 0xa0, 0xff,
    0xff, 0xff, 0xff, 0xff, 0xff, 0xff, 0xab, 0x3,
    0xa0, 0xff, 0xff, 0xff, 0xff, 0x8c, 0x28, 0x40,
    0x40, 0x40, 0xcd, 0xff, 0xff, 0xff, 0xff, 0x60,
    0xa0, 0xff, 0xff, 0xff, 0xff, 0x8c, 0x0, 0x0,
    0x0, 0x0, 0xbc, 0xff, 0xff, 0xff, 0xff, 0x68,
    0xa0, 0xff, 0xff, 0xff, 0xff, 0x8c, 0x0, 0x0,
    0x0, 0x0, 0xbc, 0xff, 0xff, 0xff, 0xff, 0x68,
    0xa0, 0xff, 0xff, 0xff, 0xff, 0x8c, 0x0, 0x0,
    0x0, 0x0, 0xbc, 0xff, 0xff, 0xff, 0xff, 0x68,
    0xa0, 0xff, 0xff, 0xff, 0xff, 0x8c, 0x0, 0x0,
    0x0, 0x0, 0xbc, 0xff, 0xff, 0xff, 0xff, 0x66,
    0xa0, 0xff, 0xff, 0xff, 0xff, 0x8c, 0xa0, 0xff,
    0xff, 0xff, 0xff, 0xff, 0xff, 0xff, 0xc6, 0xc,
    0xa0, 0xff, 0xff, 0xff, 0xff, 0x8c, 0xa0, 0xff,
    0xff, 0xff, 0xff, 0xff, 0xff, 0xce, 0xf, 0x0,
    0xa0, 0xff, 0xff, 0xff, 0xff, 0x8c, 0xa0, 0xff,
    0xff, 0xff, 0xff, 0xff, 0xff, 0x2b, 0x0, 0x0,
    0xa0, 0xff, 0xff, 0xff, 0xff, 0x8c, 0x16, 0x24,
    0xa8, 0xff, 0xff, 0xff, 0xff, 0x92, 0x0, 0x0,
    0xa0, 0xff, 0xff, 0xff, 0xff, 0x8c, 0x0, 0x0,
    0x2f, 0xff, 0xff, 0xff, 0xff, 0xf9, 0x1f, 0x0,
    0xa0, 0xff, 0xff, 0xff, 0xff, 0x8c, 0x0, 0x0,
    0x0, 0xbb, 0xff, 0xff, 0xff, 0xff, 0x9f, 0x0,
    0xa0, 0xff, 0xff, 0xff, 0xff, 0x8c, 0x0, 0x0,
    0x0, 0x47, 0xff, 0xff, 0xff, 0xff, 0xfc, 0x29,
    0xa0, 0xff, 0xff, 0xff, 0xff, 0x8c, 0x0, 0x0,
    0x0, 0x0, 0xd1, 0xff, 0xff, 0xff, 0xff, 0xac,

    /* U+0053 "S" */
    0x0, 0x0, 0x43, 0xf7, 0xff, 0x30, 0xff, 0xff,
    0xff, 0xff, 0xff, 0xff, 0x88, 0x0, 0x0, 0x0,
    0x0, 0x3d, 0xf5, 0xff, 0xff, 0x30, 0xff, 0xff,
    0xff, 0xff, 0xff, 0xff, 0xff, 0x7c, 0x0, 0x0,
    0x37, 0xf2, 0xff, 0xff, 0xff, 0x2c, 0xec, 0xec,
    0xec, 0xec, 0xff, 0xff, 0xff, 0xff, 0x6c, 0x0,
    0xd6, 0xff, 0xff, 0xff, 0xff, 0x4, 0x0, 0x0,
    0x0, 0x4, 0xff, 0xff, 0xff, 0xff, 0xc0, 0x0,
    0xdc, 0xff, 0xff, 0xff, 0xff, 0x4, 0x0, 0x0,
    0x0, 0x1, 0x74, 0x74, 0x74, 0x74, 0x57, 0x0,
    0xdc, 0xff, 0xff, 0xff, 0xff, 0x66, 0x64, 0x64,
    0x64, 0x64, 0x64, 0x64, 0x21, 0x0, 0x0, 0x0,
    0xd4, 0xff, 0xff, 0xff, 0xff, 0xff, 0xff, 0xff,
    0xff, 0xff, 0xff, 0xff, 0xdf, 0x1b, 0x0, 0x0,
    0x33, 0xf0, 0xff, 0xff, 0xff, 0xff, 0xff, 0xff,
    0xff, 0xff, 0xff, 0xff, 0xff, 0xd5, 0x13, 0x0,
    0x0, 0x3b, 0xf4, 0xff, 0xff, 0xff, 0xff, 0xff,
    0xff, 0xff, 0xff, 0xff, 0xff, 0xff, 0xc9, 0xa,
    0x0, 0x0, 0x43, 0xf7, 0xff, 0xff, 0xff, 0xff,
    0xff, 0xff, 0xff, 0xff, 0xff, 0xff, 0xff, 0x2c,
    0x0, 0x0, 0x0, 0x0, 0x0, 0x0, 0x0, 0x0,
    0x0, 0x4, 0xff, 0xff, 0xff, 0xff, 0xff, 0x2c,
    0xb6, 0xd4, 0xd4, 0xd4, 0xd4, 0x42, 0x0, 0x0,
    0x0, 0x4, 0xff, 0xff, 0xff, 0xff, 0xff, 0x2c,
    0xd6, 0xff, 0xff, 0xff, 0xff, 0x50, 0x0, 0x0,
    0x0, 0x4, 0xff, 0xff, 0xff, 0xff, 0xff, 0x25,
    0x47, 0xfd, 0xff, 0xff, 0xff, 0xf5, 0xf0, 0xf0,
    0xf0, 0x29, 0xff, 0xff, 0xff, 0xff, 0x77, 0x0,
    0x0, 0x76, 0xff, 0xff, 0xff, 0xff, 0xff, 0xff,
    0xff, 0x2c, 0xff, 0xff, 0xff, 0x81, 0x0, 0x0,
    0x0, 0x0, 0xa7, 0xff, 0xff, 0xff, 0xff, 0xff,
    0xff, 0x2c, 0xff, 0xff, 0x8b, 0x0, 0x0, 0x0,

    /* U+0054 "T" */
    0x64, 0xff, 0xff, 0xff, 0xff, 0xff, 0xff, 0xff,
    0xff, 0xff, 0xff, 0xff, 0xff, 0xff, 0x1c, 0x64,
    0xff, 0xff, 0xff, 0xff, 0xff, 0xff, 0xff, 0xff,
    0xff, 0xff, 0xff, 0xff, 0xff, 0x1c, 0x64, 0xff,
    0xff, 0xff, 0xff, 0xff, 0xff, 0xff, 0xff, 0xff,
    0xff, 0xff, 0xff, 0xff, 0x1c, 0x35, 0x88, 0x88,
    0x88, 0x88, 0x88, 0x88, 0x88, 0x88, 0x88, 0x88,
    0x88, 0x88, 0x88, 0xe, 0x0, 0x0, 0x0, 0x0,
    0x48, 0xdc, 0xdc, 0xdc, 0xdc, 0xdc, 0xd, 0x0,
    0x0, 0x0, 0x0, 0x0, 0x0, 0x0, 0x0, 0x54,
    0xff, 0xff, 0xff, 0xff, 0xff, 0x10, 0x0, 0x0,
    0x0, 0x0, 0x0, 0x0, 0x0, 0x0, 0x54, 0xff,
    0xff, 0xff, 0xff, 0xff, 0x10, 0x0, 0x0, 0x0,
    0x0, 0x0, 0x0, 0x0, 0x0, 0x54, 0xff, 0xff,
    0xff, 0xff, 0xff, 0x10, 0x0, 0x0, 0x0, 0x0,
    0x0, 0x0, 0x0, 0x0, 0x54, 0xff, 0xff, 0xff,
    0xff, 0xff, 0x10, 0x0, 0x0, 0x0, 0x0, 0x0,
    0x0, 0x0, 0x0, 0x54, 0xff, 0xff, 0xff, 0xff,
    0xff, 0x10, 0x0, 0x0, 0x0, 0x0, 0x0, 0x0,
    0x0, 0x0, 0x54, 0xff, 0xff, 0xff, 0xff, 0xff,
    0x10, 0x0, 0x0, 0x0, 0x0, 0x0, 0x0, 0x0,
    0x0, 0x54, 0xff, 0xff, 0xff, 0xff, 0xff, 0x10,
    0x0, 0x0, 0x0, 0x0, 0x0, 0x0, 0x0, 0x0,
    0x54, 0xff, 0xff, 0xff, 0xff, 0xff, 0x10, 0x0,
    0x0, 0x0, 0x0, 0x0, 0x0, 0x0, 0x0, 0x54,
    0xff, 0xff, 0xff, 0xff, 0xff, 0x10, 0x0, 0x0,
    0x0, 0x0, 0x0, 0x0, 0x0, 0x0, 0x54, 0xff,
    0xff, 0xff, 0xff, 0xff, 0x10, 0x0, 0x0, 0x0,
    0x0, 0x0, 0x0, 0x0, 0x0, 0x54, 0xff, 0xff,
    0xff, 0xff, 0xff, 0x10, 0x0, 0x0, 0x0, 0x0,

    /* U+0055 "U" */
    0xc0, 0xff, 0xff, 0xff, 0xff, 0x70, 0x0, 0x0,
    0x0, 0x0, 0xe8, 0xff, 0xff, 0xff, 0xff, 0x44,
    0xc0, 0xff, 0xff, 0xff, 0xff, 0x70, 0x0, 0x0,
    0x0, 0x0, 0xe8, 0xff, 0xff, 0xff, 0xff, 0x44,
    0xc0, 0xff, 0xff, 0xff, 0xff, 0x70, 0x0, 0x0,
    0x0, 0x0, 0xe8, 0xff, 0xff, 0xff, 0xff, 0x44,
    0xc0, 0xff, 0xff, 0xff, 0xff, 0x70, 0x0, 0x0,
    0x0, 0x0, 0xe8, 0xff, 0xff, 0xff, 0xff, 0x44,
    0xc0, 0xff, 0xff, 0xff, 0xff, 0x70, 0x0, 0x0,
    0x0, 0x0, 0xe8, 0xff, 0xff, 0xff, 0xff, 0x44,
    0xc0, 0xff, 0xff, 0xff, 0xff, 0x70, 0x0, 0x0,
    0x0, 0x0, 0xe8, 0xff, 0xff, 0xff, 0xff, 0x44,
    0xc0, 0xff, 0xff, 0xff, 0xff, 0x70, 0x0, 0x0,
    0x0, 0x0, 0xe8, 0xff, 0xff, 0xff, 0xff, 0x44,
    0xc0, 0xff, 0xff, 0xff, 0xff, 0x70, 0x0, 0x0,
    0x0, 0x0, 0xe8, 0xff, 0xff, 0xff, 0xff, 0x44,
    0xc0, 0xff, 0xff, 0xff, 0xff, 0x70, 0x0, 0x0,
    0x0, 0x0, 0xe8, 0xff, 0xff, 0xff, 0xff, 0x44,
    0xc0, 0xff, 0xff, 0xff, 0xff, 0x70, 0x0, 0x0,
    0x0, 0x0, 0xe8, 0xff, 0xff, 0xff, 0xff, 0x44,
    0xc0, 0xff, 0xff, 0xff, 0xff, 0x70, 0x0, 0x0,
    0x0, 0x0, 0xe8, 0xff, 0xff, 0xff, 0xff, 0x44,
    0xc0, 0xff, 0xff, 0xff, 0xff, 0x70, 0x0, 0x0,
    0x0, 0x0, 0xe8, 0xff, 0xff, 0xff, 0xff, 0x44,
    0xb9, 0xff, 0xff, 0xff, 0xff, 0x91, 0x3c, 0x14,
    0x31, 0x3c, 0xed, 0xff, 0xff, 0xff, 0xff, 0x3d,
    0x24, 0xe6, 0xff, 0xff, 0xff, 0xff, 0xff, 0x58,
    0xd4, 0xff, 0xff, 0xff, 0xff, 0xff, 0x8f, 0x0,
    0x0, 0x2a, 0xeb, 0xff, 0xff, 0xff, 0xff, 0x58,
    0xd4, 0xff, 0xff, 0xff, 0xff, 0x98, 0x0, 0x0,
    0x0, 0x0, 0x30, 0xee, 0xff, 0xff, 0xff, 0x58,
    0xd4, 0xff, 0xff, 0xff, 0xa1, 0x1, 0x0, 0x0,

    /* U+0056 "V" */
    0x23, 0xff, 0xff, 0xff, 0xff, 0xff, 0x26, 0x0,
    0x0, 0x0, 0x0, 0x6, 0xf3, 0xff, 0xff, 0xff,
    0xff, 0x33, 0x0, 0xc9, 0xff, 0xff, 0xff, 0xff,
    0x7c, 0x0, 0x0, 0x0, 0x0, 0x47, 0xff, 0xff,
    0xff, 0xff, 0xdb, 0x0, 0x0, 0x6f, 0xff, 0xff,
    0xff, 0xff, 0xd2, 0x0, 0x0, 0x0, 0x0, 0x93,
    0xff, 0xff, 0xff, 0xff, 0x83, 0x0, 0x0, 0x17,
    0xfc, 0xff, 0xff, 0xff, 0xff, 0x28, 0x0, 0x0,
    0x0, 0xde, 0xff, 0xff, 0xff, 0xff, 0x2b, 0x0,
    0x0, 0x0, 0xba, 0xff, 0xff, 0xff, 0xff, 0x7e,
    0x0, 0x0, 0x2b, 0xff, 0xff, 0xff, 0xff, 0xd3,
    0x0, 0x0, 0x0, 0x0, 0x60, 0xff, 0xff, 0xff,
    0xff, 0xd4, 0x0, 0x0, 0x77, 0xff, 0xff, 0xff,
    0xff, 0x7b, 0x0, 0x0, 0x0, 0x0, 0xe, 0xf7,
    0xff, 0xff, 0xff, 0xff, 0x2a, 0x0, 0xc3, 0xff,
    0xff, 0xff, 0xff, 0x23, 0x0, 0x0, 0x0, 0x0,
    0x0, 0xac, 0xff, 0xff, 0xff, 0xff, 0x80, 0x12,
    0xfc, 0xff, 0xff, 0xff, 0xcb, 0x0, 0x0, 0x0,
    0x0, 0x0, 0x0, 0x51, 0xff, 0xff, 0xff, 0xff,
    0xd6, 0x44, 0xff, 0xff, 0xff, 0xff, 0x73, 0x0,
    0x0, 0x0, 0x0, 0x0, 0x0, 0x7, 0xef, 0xff,
    0xff, 0xff, 0xff, 0x37, 0xf6, 0xff, 0xff, 0xfe,
    0x1c, 0x0, 0x0, 0x0, 0x0, 0x0, 0x0, 0x0,
    0x9d, 0xff, 0xff, 0xff, 0xff, 0x82, 0xae, 0xff,
    0xff, 0xc3, 0x0, 0x0, 0x0, 0x0, 0x0, 0x0,
    0x0, 0x0, 0x43, 0xff, 0xff, 0xff, 0xff, 0xd8,
    0x5a, 0xff, 0xff, 0x6b, 0x0, 0x0, 0x0, 0x0,
    0x0, 0x0, 0x0, 0x0, 0x2, 0xe5, 0xff, 0xff,
    0xff, 0xff, 0x3b, 0xf8, 0xfc, 0x16, 0x0, 0x0,
    0x0, 0x0, 0x0, 0x0, 0x0, 0x0, 0x0, 0x8e,
    0xff, 0xff, 0xff, 0xff, 0x84, 0xb3, 0xbb, 0x0,
    0x0, 0x0, 0x0, 0x0, 0x0, 0x0, 0x0, 0x0,
    0x0, 0x34, 0xff, 0xff, 0xff, 0xff, 0xda, 0x5f,
    0x63, 0x0, 0x0, 0x0, 0x0, 0x0, 0x0, 0x0,
    0x0, 0x0, 0x0, 0x0, 0xd8, 0xff, 0xff, 0xff,
    0xff, 0x41, 0x11, 0x0, 0x0, 0x0, 0x0, 0x0,

    /* U+0057 "W" */
    0x2b, 0xff, 0xff, 0xff, 0xff, 0xf5, 0x6, 0x0,
    0x0, 0x3, 0xef, 0xff, 0xff, 0xff, 0xff, 0x43,
    0x0, 0x0, 0x2, 0xf0, 0xff, 0xff, 0xff, 0xc4,
    0x0, 0xe0, 0xff, 0xff, 0xff, 0xff, 0x3f, 0x0,
    0x0, 0x0, 0xae, 0xff, 0xff, 0xff, 0xff, 0x83,
    0x0, 0x0, 0x30, 0xff, 0xff, 0xff, 0xff, 0x7d,
    0x0, 0x96, 0xff, 0xff, 0xff, 0xff, 0x81, 0x0,
    0x0, 0x35, 0x6a, 0xff, 0xff, 0xff, 0xff, 0xc3,
    0x0, 0x0, 0x6e, 0xff, 0xff, 0xff, 0xff, 0x37,
    0x0, 0x4c, 0xff, 0xff, 0xff, 0xff, 0xc4, 0x0,
    0x0, 0x9f, 0x3b, 0xff, 0xff, 0xff, 0xff, 0xf9,
    0x9, 0x0, 0xab, 0xff, 0xff, 0xff, 0xed, 0x2,
    0x0, 0x9, 0xf7, 0xff, 0xff, 0xff, 0xfa, 0xb,
    0x0, 0xdc, 0x58, 0xe1, 0xff, 0xff, 0xff, 0xff,
    0x42, 0x0, 0xe8, 0xff, 0xff, 0xff, 0xa9, 0x0,
    0x0, 0x0, 0xb7, 0xff, 0xff, 0xff, 0xff, 0x48,
    0x18, 0xff, 0x9c, 0x9d, 0xff, 0xff, 0xff, 0xff,
    0x82, 0x26, 0xff, 0xff, 0xff, 0xff, 0x63, 0x0,
    0x0, 0x0, 0x6c, 0xff, 0xff, 0xff, 0xff, 0x8b,
    0x54, 0xff, 0xe0, 0x59, 0xff, 0xff, 0xff, 0xff,
    0xc2, 0x5b, 0xff, 0xff, 0xff, 0xff, 0x1d, 0x0,
    0x0, 0x0, 0x21, 0xff, 0xff, 0xff, 0xff, 0xcd,
    0x8f, 0xff, 0xff, 0x39, 0xfe, 0xff, 0xff, 0xff,
    0xf8, 0x3f, 0xff, 0xff, 0xff, 0xd6, 0x0, 0x0,
    0x0, 0x0, 0x0, 0xd7, 0xff, 0xff, 0xff, 0xfd,
    0xda, 0xff, 0xff, 0x68, 0xd0, 0xff, 0xff, 0xff,
    0xff, 0x45, 0xf3, 0xff, 0xff, 0x8f, 0x0, 0x0,
    0x0, 0x0, 0x0, 0x8d, 0xff, 0xff, 0xff, 0xff,
    0xff, 0xff, 0xff, 0xa4, 0x8c, 0xff, 0xff, 0xff,
    0xff, 0x81, 0xba, 0xff, 0xff, 0x48, 0x0, 0x0,
    0x0, 0x0, 0x0, 0x42, 0xff, 0xff, 0xff, 0xff,
    0xff, 0xff, 0xff, 0x7f, 0x48, 0xff, 0xff, 0xff,
    0xff, 0xc1, 0x7c, 0xff, 0xf8, 0x9, 0x0, 0x0,
    0x0, 0x0, 0x0, 0x5, 0xf2, 0xff, 0xff, 0xff,
    0xff, 0xff, 0xff, 0x3c, 0xa, 0xf9, 0xff, 0xff,
    0xff, 0xf8, 0x45, 0xff, 0xbb, 0x0, 0x0, 0x0,
    0x0, 0x0, 0x0, 0x0, 0xad, 0xff, 0xff, 0xff,
    0xff, 0xff, 0xf3, 0x5, 0x0, 0xbf, 0xff, 0xff,
    0xff, 0xff, 0x47, 0xf7, 0x75, 0x0, 0x0, 0x0,
    0x0, 0x0, 0x0, 0x0, 0x63, 0xff, 0xff, 0xff,
    0xff, 0xff, 0xb4, 0x0, 0x0, 0x7b, 0xff, 0xff,
    0xff, 0xff, 0x80, 0xc0, 0x2e, 0x0, 0x0, 0x0,
    0x0, 0x0, 0x0, 0x0, 0x19, 0xfe, 0xff, 0xff,
    0xff, 0xff, 0x71, 0x0, 0x0, 0x37, 0xff, 0xff,
    0xff, 0xff, 0xc0, 0x68, 0x0, 0x0, 0x0, 0x0,
    0x0, 0x0, 0x0, 0x0, 0x0, 0xcd, 0xff, 0xff,
    0xff, 0xff, 0x2d, 0x0, 0x0, 0x3, 0xef, 0xff,
    0xff, 0xff, 0xf8, 0xd, 0x0, 0x0, 0x0, 0x0,

    /* U+0058 "X" */
    0x0, 0xaa, 0xff, 0xff, 0xff, 0xff, 0xe1, 0xd,
    0x0, 0x0, 0x18, 0xf2, 0xff, 0xff, 0xff, 0xff,
    0x7e, 0x0, 0x0, 0x16, 0xed, 0xff, 0xff, 0xff,
    0xff, 0x95, 0x0, 0x0, 0xa2, 0xff, 0xff, 0xff,
    0xff, 0xd6, 0x6, 0x0, 0x0, 0x0, 0x5e, 0xff,
    0xff, 0xff, 0xff, 0xfe, 0x3e, 0x3a, 0xfe, 0xff,
    0xff, 0xff, 0xfe, 0x3c, 0x0, 0x0, 0x0, 0x0,
    0x0, 0xb7, 0xff, 0xff, 0xff, 0xff, 0xda, 0x51,
    0xff, 0xff, 0xff, 0xff, 0x99, 0x0, 0x0, 0x0,
    0x0, 0x0, 0x0, 0x1e, 0xf3, 0xff, 0xff, 0xff,
    0xff, 0x89, 0xa2, 0xff, 0xff, 0xe7, 0x10, 0x0,
    0x0, 0x0, 0x0, 0x0, 0x0, 0x0, 0x6c, 0xff,
    0xff, 0xff, 0xff, 0xfc, 0x46, 0xe7, 0xff, 0x56,
    0x0, 0x0, 0x0, 0x0, 0x0, 0x0, 0x0, 0x0,
    0x1, 0xc3, 0xff, 0xff, 0xff, 0xff, 0xd1, 0x57,
    0xb5, 0x0, 0x0, 0x0, 0x0, 0x0, 0x0, 0x0,
    0x0, 0x0, 0x0, 0x27, 0xf8, 0xff, 0xff, 0xff,
    0xff, 0x7e, 0xe, 0x0, 0x0, 0x0, 0x0, 0x0,
    0x0, 0x0, 0x0, 0x0, 0x0, 0x22, 0x7a, 0xff,
    0xff, 0xff, 0xff, 0xf9, 0x2b, 0x0, 0x0, 0x0,
    0x0, 0x0, 0x0, 0x0, 0x0, 0x0, 0x12, 0xe7,
    0x49, 0xcf, 0xff, 0xff, 0xff, 0xff, 0xc8, 0x2,
    0x0, 0x0, 0x0, 0x0, 0x0, 0x0, 0x0, 0x0,
    0xa6, 0xff, 0xdd, 0x3c, 0xfb, 0xff, 0xff, 0xff,
    0xff, 0x72, 0x0, 0x0, 0x0, 0x0, 0x0, 0x0,
    0x0, 0x50, 0xff, 0xff, 0xff, 0x8c, 0x88, 0xff,
    0xff, 0xff, 0xff, 0xf5, 0x23, 0x0, 0x0, 0x0,
    0x0, 0x0, 0x12, 0xe7, 0xff, 0xff, 0xff, 0xfc,
    0x39, 0xd9, 0xff, 0xff, 0xff, 0xff, 0xbe, 0x1,
    0x0, 0x0, 0x0, 0x0, 0xa6, 0xff, 0xff, 0xff,
    0xff, 0xf6, 0x1e, 0x3d, 0xfe, 0xff, 0xff, 0xff,
    0xff, 0x66, 0x0, 0x0, 0x0, 0x50, 0xff, 0xff,
    0xff, 0xff, 0xff, 0x7d, 0x0, 0x0, 0x96, 0xff,
    0xff, 0xff, 0xff, 0xf1, 0x1c, 0x0, 0x12, 0xe7,
    0xff, 0xff, 0xff, 0xff, 0xde, 0x8, 0x0, 0x0,
    0xd, 0xe1, 0xff, 0xff, 0xff, 0xff, 0xb4, 0x0,

    /* U+0059 "Y" */
    0x1a, 0xf8, 0xff, 0xff, 0xff, 0xf2, 0x11, 0x0,
    0x0, 0x0, 0x0, 0xbb, 0xff, 0xff, 0xff, 0xff,
    0x40, 0x0, 0x97, 0xff, 0xff, 0xff, 0xff, 0x7e,
    0x0, 0x0, 0x0, 0x40, 0xff, 0xff, 0xff, 0xff,
    0xc3, 0x0, 0x0, 0x1f, 0xfa, 0xff, 0xff, 0xff,
    0xec, 0xb, 0x0, 0x0, 0xc6, 0xff, 0xff, 0xff,
    0xff, 0x46, 0x0, 0x0, 0x0, 0x9f, 0xff, 0xff,
    0xff, 0xff, 0x72, 0x0, 0x4c, 0xff, 0xff, 0xff,
    0xff, 0xc8, 0x0, 0x0, 0x0, 0x0, 0x25, 0xfc,
    0xff, 0xff, 0xff, 0xe5, 0x7, 0xd0, 0xff, 0xff,
    0xff, 0xff, 0x4b, 0x0, 0x0, 0x0, 0x0, 0x0,
    0xa7, 0xff, 0xff, 0xff, 0xff, 0x66, 0xc0, 0xff,
    0xff, 0xff, 0xcd, 0x0, 0x0, 0x0, 0x0, 0x0,
    0x0, 0x2c, 0xfe, 0xff, 0xff, 0xff, 0xdc, 0x4b,
    0xff, 0xff, 0xff, 0x50, 0x0, 0x0, 0x0, 0x0,
    0x0, 0x0, 0x0, 0xaf, 0xff, 0xff, 0xff, 0xff,
    0x5a, 0xce, 0xff, 0xd1, 0x1, 0x0, 0x0, 0x0,
    0x0, 0x0, 0x0, 0x0, 0x33, 0xff, 0xff, 0xff,
    0xff, 0xd3, 0x57, 0xff, 0x55, 0x0, 0x0, 0x0,
    0x0, 0x0, 0x0, 0x0, 0x0, 0x0, 0xb7, 0xff,
    0xff, 0xff, 0xff, 0x50, 0xb0, 0x2, 0x0, 0x0,
    0x0, 0x0, 0x0, 0x0, 0x0, 0x0, 0x0, 0x3b,
    0xff, 0xff, 0xff, 0xff, 0xc8, 0x6, 0x0, 0x0,
    0x0, 0x0, 0x0, 0x0, 0x0, 0x0, 0x0, 0x0,
    0x8, 0xff, 0xff, 0xff, 0xff, 0xff, 0x23, 0x0,
    0x0, 0x0, 0x0, 0x0, 0x0, 0x0, 0x0, 0x0,
    0x0, 0x8, 0xff, 0xff, 0xff, 0xff, 0xff, 0x28,
    0x0, 0x0, 0x0, 0x0, 0x0, 0x0, 0x0, 0x0,
    0x0, 0x0, 0x8, 0xff, 0xff, 0xff, 0xff, 0xff,
    0x28, 0x0, 0x0, 0x0, 0x0, 0x0, 0x0, 0x0,
    0x0, 0x0, 0x0, 0x8, 0xff, 0xff, 0xff, 0xff,
    0xff, 0x28, 0x0, 0x0, 0x0, 0x0, 0x0, 0x0,
    0x0, 0x0, 0x0, 0x0, 0x8, 0xff, 0xff, 0xff,
    0xff, 0xff, 0x28, 0x0, 0x0, 0x0, 0x0, 0x0,

    /* U+005A "Z" */
    0x14, 0xff, 0xff, 0xff, 0xff, 0xff, 0xff, 0xff,
    0xff, 0x56, 0xa0, 0xff, 0xff, 0xff, 0x48, 0x14,
    0xff, 0xff, 0xff, 0xff, 0xff, 0xff, 0xff, 0x81,
    0x69, 0xff, 0xff, 0xff, 0xff, 0x48, 0x14, 0xff,
    0xff, 0xff, 0xff, 0xff, 0xff, 0xac, 0x38, 0xf9,
    0xff, 0xff, 0xff, 0xff, 0x48, 0xa, 0x8c, 0x8c,
    0x8c, 0x8c, 0x8c, 0x86, 0x20, 0xe3, 0xff, 0xff,
    0xff, 0xff, 0xe5, 0x16, 0x0, 0x0, 0x0, 0x0,
    0x0, 0x0, 0x3, 0xbe, 0xff, 0xff, 0xff, 0xff,
    0xf9, 0x38, 0x0, 0x0, 0x0, 0x0, 0x0, 0x0,
    0x0, 0x8b, 0xff, 0xff, 0xff, 0xff, 0xff, 0x66,
    0x0, 0x0, 0x0, 0x0, 0x0, 0x0, 0x0, 0x54,
    0xff, 0xff, 0xff, 0xff, 0xff, 0x99, 0x0, 0x0,
    0x0, 0x0, 0x0, 0x0, 0x0, 0x28, 0xf2, 0xff,
    0xff, 0xff, 0xff, 0xc6, 0x6, 0x0, 0x0, 0x0,
    0x0, 0x0, 0x0, 0xd, 0xd7, 0xff, 0xff, 0xff,
    0xff, 0xe6, 0x19, 0x0, 0x0, 0x0, 0x0, 0x0,
    0x0, 0x0, 0xac, 0xff, 0xff, 0xff, 0xff, 0xf9,
    0x3a, 0x0, 0x0, 0x0, 0x0, 0x0, 0x0, 0x0,
    0x75, 0xff, 0xff, 0xff, 0xff, 0xff, 0x67, 0x0,
    0x0, 0x0, 0x0, 0x0, 0x0, 0x0, 0x41, 0xfc,
    0xff, 0xff, 0xff, 0xff, 0x9b, 0x0, 0x0, 0x0,
    0x0, 0x0, 0x0, 0x0, 0x1b, 0xe9, 0xff, 0xff,
    0xff, 0xff, 0xc8, 0x26, 0x8f, 0x90, 0x90, 0x90,
    0x90, 0x90, 0xb, 0x64, 0xff, 0xff, 0xff, 0xff,
    0xe7, 0x27, 0xd1, 0xff, 0xff, 0xff, 0xff, 0xff,
    0xff, 0x14, 0x64, 0xff, 0xff, 0xff, 0xfa, 0x3d,
    0xaf, 0xff, 0xff, 0xff, 0xff, 0xff, 0xff, 0xff,
    0x14, 0x64, 0xff, 0xff, 0xff, 0x6a, 0x86, 0xff,
    0xff, 0xff, 0xff, 0xff, 0xff, 0xff, 0xff, 0x14,

    /* U+005B "[" */
    0xc8, 0xff, 0xff, 0xff, 0xff, 0xff, 0xcc, 0xc8,
    0xff, 0xff, 0xff, 0xff, 0xff, 0xcc, 0xc8, 0xff,
    0xff, 0xff, 0xff, 0xff, 0xcc, 0xc8, 0xff, 0xff,
    0xff, 0xe7, 0x3c, 0x2f, 0xc8, 0xff, 0xff, 0xff,
    0xe0, 0x0, 0x0, 0xc8, 0xff, 0xff, 0xff, 0xe0,
    0x0, 0x0, 0xc8, 0xff, 0xff, 0xff, 0xe0, 0x0,
    0x0, 0xc8, 0xff, 0xff, 0xff, 0xe0, 0x0, 0x0,
    0xc8, 0xff, 0xff, 0xff, 0xe0, 0x0, 0x0, 0xc8,
    0xff, 0xff, 0xff, 0xe0, 0x0, 0x0, 0xc8, 0xff,
    0xff, 0xff, 0xe0, 0x0, 0x0, 0xc8, 0xff, 0xff,
    0xff, 0xe0, 0x0, 0x0, 0xc8, 0xff, 0xff, 0xff,
    0xe0, 0x0, 0x0, 0xc8, 0xff, 0xff, 0xff, 0xe0,
    0x0, 0x0, 0xc8, 0xff, 0xff, 0xff, 0xe0, 0x0,
    0x0, 0xc8, 0xff, 0xff, 0xff, 0xe0, 0x0, 0x0,
    0xc8, 0xff, 0xff, 0xff, 0xe8, 0x40, 0x33, 0xc8,
    0xff, 0xff, 0xff, 0xff, 0xff, 0xcc, 0xc8, 0xff,
    0xff, 0xff, 0xff, 0xff, 0xcc, 0xc8, 0xff, 0xff,
    0xff, 0xff, 0xff, 0xcc,

    /* U+005C "\\" */
    0x28, 0x80, 0x80, 0x4d, 0x0, 0x0, 0x0, 0x0,
    0x0, 0x0, 0x0, 0x11, 0xf8, 0xff, 0xe0, 0x1,
    0x0, 0x0, 0x0, 0x0, 0x0, 0x0, 0x0, 0xac,
    0xff, 0xff, 0x40, 0x0, 0x0, 0x0, 0x0, 0x0,
    0x0, 0x0, 0x4d, 0xff, 0xff, 0x9e, 0x0, 0x0,
    0x0, 0x0, 0x0, 0x0, 0x0, 0x4, 0xea, 0xff,
    0xf2, 0x9, 0x0, 0x0, 0x0, 0x0, 0x0, 0x0,
    0x0, 0x91, 0xff, 0xff, 0x5a, 0x0, 0x0, 0x0,
    0x0, 0x0, 0x0, 0x0, 0x32, 0xff, 0xff, 0xb8,
    0x0, 0x0, 0x0, 0x0, 0x0, 0x0, 0x0, 0x0,
    0xd3, 0xff, 0xfc, 0x19, 0x0, 0x0, 0x0, 0x0,
    0x0, 0x0, 0x0, 0x75, 0xff, 0xff, 0x75, 0x0,
    0x0, 0x0, 0x0, 0x0, 0x0, 0x0, 0x19, 0xfc,
    0xff, 0xd3, 0x0, 0x0, 0x0, 0x0, 0x0, 0x0,
    0x0, 0x0, 0xb9, 0xff, 0xff, 0x31, 0x0, 0x0,
    0x0, 0x0, 0x0, 0x0, 0x0, 0x5a, 0xff, 0xff,
    0x8f, 0x0, 0x0, 0x0, 0x0, 0x0, 0x0, 0x0,
    0x9, 0xf2, 0xff, 0xe9, 0x4, 0x0, 0x0, 0x0,
    0x0, 0x0, 0x0, 0x0, 0x9e, 0xff, 0xff, 0x4b,
    0x0, 0x0, 0x0, 0x0, 0x0, 0x0, 0x0, 0x3f,
    0xff, 0xff, 0xaa, 0x0, 0x0, 0x0, 0x0, 0x0,
    0x0, 0x0, 0x1, 0xdf, 0xff, 0xf7, 0x10, 0x0,
    0x0, 0x0, 0x0, 0x0, 0x0, 0x0, 0x83, 0xff,
    0xff, 0x66, 0x0, 0x0, 0x0, 0x0, 0x0, 0x0,
    0x0, 0x25, 0xff, 0xff, 0xc4, 0x0, 0x0, 0x0,
    0x0, 0x0, 0x0, 0x0, 0x0, 0xc6, 0xff, 0xff,
    0x23, 0x0, 0x0, 0x0, 0x0, 0x0, 0x0, 0x0,
    0x67, 0xff, 0xff, 0x80,

    /* U+005D "]" */
    0x54, 0xff, 0xff, 0xff, 0xff, 0xff, 0xff, 0x40,
    0x54, 0xff, 0xff, 0xff, 0xff, 0xff, 0xff, 0x40,
    0x54, 0xff, 0xff, 0xff, 0xff, 0xff, 0xff, 0x40,
    0x13, 0x3c, 0x8b, 0xff, 0xff, 0xff, 0xff, 0x40,
    0x0, 0x0, 0x68, 0xff, 0xff, 0xff, 0xff, 0x40,
    0x0, 0x0, 0x68, 0xff, 0xff, 0xff, 0xff, 0x40,
    0x0, 0x0, 0x68, 0xff, 0xff, 0xff, 0xff, 0x40,
    0x0, 0x0, 0x68, 0xff, 0xff, 0xff, 0xff, 0x40,
    0x0, 0x0, 0x68, 0xff, 0xff, 0xff, 0xff, 0x40,
    0x0, 0x0, 0x68, 0xff, 0xff, 0xff, 0xff, 0x40,
    0x0, 0x0, 0x68, 0xff, 0xff, 0xff, 0xff, 0x40,
    0x0, 0x0, 0x68, 0xff, 0xff, 0xff, 0xff, 0x40,
    0x0, 0x0, 0x68, 0xff, 0xff, 0xff, 0xff, 0x40,
    0x0, 0x0, 0x68, 0xff, 0xff, 0xff, 0xff, 0x40,
    0x0, 0x0, 0x68, 0xff, 0xff, 0xff, 0xff, 0x40,
    0x0, 0x0, 0x68, 0xff, 0xff, 0xff, 0xff, 0x40,
    0x15, 0x40, 0x8e, 0xff, 0xff, 0xff, 0xff, 0x40,
    0x54, 0xff, 0xff, 0xff, 0xff, 0xff, 0xff, 0x40,
    0x54, 0xff, 0xff, 0xff, 0xff, 0xff, 0xff, 0x40,
    0x54, 0xff, 0xff, 0xff, 0xff, 0xff, 0xff, 0x40,

    /* U+005E "^" */
    0x0, 0x0, 0x0, 0x8, 0x98, 0xff, 0xff, 0x2f,
    0x0, 0x0, 0x0, 0x0, 0x0, 0x0, 0x0, 0x79,
    0x4f, 0xff, 0xff, 0x7f, 0x0, 0x0, 0x0, 0x0,
    0x0, 0x0, 0x3, 0xed, 0x22, 0xf9, 0xff, 0xcf,
    0x0, 0x0, 0x0, 0x0, 0x0, 0x0, 0x3c, 0xff,
    0x5a, 0xbd, 0xff, 0xff, 0x1f, 0x0, 0x0, 0x0,
    0x0, 0x0, 0x86, 0xff, 0xa0, 0x74, 0xff, 0xff,
    0x6e, 0x0, 0x0, 0x0, 0x0, 0x0, 0xcf, 0xff,
    0xe5, 0x2b, 0xff, 0xff, 0xbe, 0x0, 0x0, 0x0,
    0x0, 0x19, 0xfe, 0xff, 0xdc, 0x0, 0xe1, 0xff,
    0xfb, 0x11, 0x0, 0x0, 0x0, 0x61, 0xff, 0xff,
    0x99, 0x0, 0x99, 0xff, 0xff, 0x5d, 0x0, 0x0,
    0x0, 0xab, 0xff, 0xff, 0x56, 0x0, 0x50, 0xff,
    0xff, 0xad, 0x0, 0x0, 0x4, 0xef, 0xff, 0xfe,
    0x14, 0x0, 0xd, 0xfa, 0xff, 0xf4, 0x8, 0x0,
    0x3d, 0xff, 0xff, 0xcf, 0x0, 0x0, 0x0, 0xbe,
    0xff, 0xff, 0x4c, 0x0, 0x86, 0xff, 0xff, 0x8c,
    0x0, 0x0, 0x0, 0x75, 0xff, 0xff, 0x9c, 0x0,
    0xcf, 0xff, 0xff, 0x49, 0x0, 0x0, 0x0, 0x2c,
    0xff, 0xff, 0xe9, 0x2,

    /* U+005F "_" */
    0x1, 0x5c, 0x5c, 0x5c, 0x5c, 0x5c, 0x5c, 0x5c,
    0x5c, 0x5c, 0x5c, 0x5c, 0x5c, 0x5c, 0x5c, 0x5c,
    0x5c, 0x5c, 0x38, 0x4, 0xff, 0xff, 0xff, 0xff,
    0xff, 0xff, 0xff, 0xff, 0xff, 0xff, 0xff, 0xff,
    0xff, 0xff, 0xff, 0xff, 0xff, 0x9c, 0x4, 0xff,
    0xff, 0xff, 0xff, 0xff, 0xff, 0xff, 0xff, 0xff,
    0xff, 0xff, 0xff, 0xff, 0xff, 0xff, 0xff, 0xff,
    0x9c,

    /* U+0060 "`" */
    0x0, 0x26, 0x83, 0x19, 0x0, 0x0, 0x0, 0x0,
    0x0, 0x64, 0xfd, 0xff, 0xed, 0x59, 0x0, 0x0,
    0x0, 0x0, 0x4f, 0xff, 0xff, 0xff, 0xff, 0xab,
    0x14, 0x0, 0x0, 0x12, 0xfe, 0xff, 0xff, 0xff,
    0xff, 0xe9, 0x50, 0x0, 0x0, 0x1d, 0x6c, 0xbc,
    0xfb, 0xff, 0xff, 0xff, 0x1d, 0x0, 0x0, 0x0,
    0x0, 0x10, 0x5c, 0xac, 0xb5, 0x0,

    /* U+0061 "a" */
    0x0, 0x10, 0xce, 0xff, 0xff, 0xff, 0xff, 0xff,
    0xff, 0xff, 0xcb, 0xe, 0x0, 0x0, 0x0, 0xc4,
    0xff, 0xff, 0xff, 0xff, 0xff, 0xff, 0xff, 0xff,
    0xff, 0xc5, 0xb, 0x0, 0x0, 0xf4, 0xff, 0xff,
    0xff, 0xff, 0xff, 0xff, 0xff, 0xff, 0xff, 0xff,
    0xbd, 0x8, 0x0, 0x39, 0x3c, 0x3c, 0x3c, 0x3c,
    0x3c, 0x3c, 0xad, 0xff, 0xff, 0xff, 0xff, 0x75,
    0x0, 0x0, 0x0, 0x0, 0x0, 0x0, 0x0, 0x0,
    0x94, 0xff, 0xff, 0xff, 0xff, 0x7c, 0x0, 0x2,
    0x3e, 0x40, 0x40, 0x40, 0x40, 0x27, 0x94, 0xff,
    0xff, 0xff, 0xff, 0x7c, 0x1, 0x9e, 0xff, 0xff,
    0xff, 0xff, 0xff, 0x9c, 0x94, 0xff, 0xff, 0xff,
    0xff, 0x7c, 0x94, 0xff, 0xff, 0xff, 0xff, 0xff,
    0xff, 0x9c, 0x94, 0xff, 0xff, 0xff, 0xff, 0x7c,
    0xfc, 0xff, 0xff, 0xff, 0xf0, 0x0, 0x0, 0x0,
    0x94, 0xff, 0xff, 0xff, 0xff, 0x7c, 0xfc, 0xff,
    0xff, 0xff, 0xf0, 0x8, 0x8, 0x4, 0x94, 0xff,
    0xff, 0xff, 0xff, 0x7c, 0xf9, 0xff, 0xff, 0xff,
    0xff, 0xff, 0xff, 0x9c, 0x94, 0xff, 0xff, 0xff,
    0xff, 0x7c, 0x5f, 0xfe, 0xff, 0xff, 0xff, 0xff,
    0xff, 0x70, 0x94, 0xff, 0xff, 0xff, 0xff, 0x7c,
    0x0, 0x65, 0xfe, 0xff, 0xff, 0xff, 0x8c, 0x0,
    0x94, 0xff, 0xff, 0xff, 0xff, 0x7c,

    /* U+0062 "b" */
    0xc8, 0xff, 0xff, 0xff, 0xff, 0x68, 0x0, 0x0,
    0x0, 0x0, 0x0, 0x0, 0x0, 0x0, 0xc8, 0xff,
    0xff, 0xff, 0xff, 0x68, 0x0, 0x0, 0x0, 0x0,
    0x0, 0x0, 0x0, 0x0, 0xc8, 0xff, 0xff, 0xff,
    0xff, 0x68, 0x0, 0x0, 0x0, 0x0, 0x0, 0x0,
    0x0, 0x0, 0xc8, 0xff, 0xff, 0xff, 0xff, 0x68,
    0x0, 0x0, 0x0, 0x0, 0x0, 0x0, 0x0, 0x0,
    0xc8, 0xff, 0xff, 0xff, 0xff, 0x68, 0x0, 0x0,
    0x0, 0x0, 0x0, 0x0, 0x0, 0x0, 0xc8, 0xff,
    0xff, 0xff, 0xff, 0x68, 0x5, 0xb5, 0xff, 0xff,
    0xe8, 0x27, 0x0, 0x0, 0xc8, 0xff, 0xff, 0xff,
    0xff, 0x68, 0x9c, 0xff, 0xff, 0xff, 0xff, 0xe4,
    0x22, 0x0, 0xc8, 0xff, 0xff, 0xff, 0xff, 0x68,
    0xc8, 0xff, 0xff, 0xff, 0xff, 0xff, 0xe0, 0x1e,
    0xc8, 0xff, 0xff, 0xff, 0xff, 0x68, 0x2e, 0x3c,
    0x94, 0xff, 0xff, 0xff, 0xff, 0xad, 0xc8, 0xff,
    0xff, 0xff, 0xff, 0x68, 0x0, 0x0, 0x74, 0xff,
    0xff, 0xff, 0xff, 0xb4, 0xc8, 0xff, 0xff, 0xff,
    0xff, 0x68, 0x0, 0x0, 0x74, 0xff, 0xff, 0xff,
    0xff, 0xb4, 0xc8, 0xff, 0xff, 0xff, 0xff, 0x68,
    0x0, 0x0, 0x74, 0xff, 0xff, 0xff, 0xff, 0xb4,
    0xc8, 0xff, 0xff, 0xff, 0xff, 0x68, 0x0, 0x0,
    0x74, 0xff, 0xff, 0xff, 0xff, 0xb4, 0xc8, 0xff,
    0xff, 0xff, 0xff, 0x68, 0x0, 0x0, 0x74, 0xff,
    0xff, 0xff, 0xff, 0xb4, 0xc8, 0xff, 0xff, 0xff,
    0xff, 0x68, 0x6, 0x8, 0x78, 0xff, 0xff, 0xff,
    0xff, 0xad, 0xc8, 0xff, 0xff, 0xff, 0xff, 0x68,
    0xc8, 0xff, 0xff, 0xff, 0xff, 0xff, 0xe0, 0x1e,
    0xc8, 0xff, 0xff, 0xff, 0xff, 0x68, 0xc8, 0xff,
    0xff, 0xff, 0xff, 0xe4, 0x22, 0x0, 0xc8, 0xff,
    0xff, 0xff, 0xff, 0x68, 0xc8, 0xff, 0xff, 0xff,
    0xe8, 0x27, 0x0, 0x0,

    /* U+0063 "c" */
    0x0, 0x0, 0x49, 0xf9, 0xff, 0x4c, 0xe4, 0xff,
    0xff, 0xff, 0xdc, 0x1a, 0x0, 0x0, 0x0, 0x42,
    0xf7, 0xff, 0xff, 0x4c, 0xe4, 0xff, 0xff, 0xff,
    0xff, 0xd6, 0x15, 0x0, 0x3b, 0xf4, 0xff, 0xff,
    0xff, 0x4c, 0xe4, 0xff, 0xff, 0xff, 0xff, 0xff,
    0xd1, 0x11, 0xdd, 0xff, 0xff, 0xff, 0xff, 0x4c,
    0x35, 0x3c, 0xb0, 0xff, 0xff, 0xff, 0xff, 0x91,
    0xe4, 0xff, 0xff, 0xff, 0xff, 0x4c, 0x0, 0x0,
    0x98, 0xff, 0xff, 0xff, 0xff, 0x98, 0xe4, 0xff,
    0xff, 0xff, 0xff, 0x4c, 0x0, 0x0, 0x1a, 0x2c,
    0x2c, 0x2c, 0x2c, 0x1a, 0xe4, 0xff, 0xff, 0xff,
    0xff, 0x4c, 0x0, 0x0, 0x0, 0x0, 0x0, 0x0,
    0x0, 0x0, 0xe4, 0xff, 0xff, 0xff, 0xff, 0x4c,
    0x0, 0x0, 0x0, 0x0, 0x0, 0x0, 0x0, 0x0,
    0xe4, 0xff, 0xff, 0xff, 0xff, 0x4c, 0x0, 0x0,
    0x63, 0xa8, 0xa8, 0xa8, 0xa8, 0x63, 0xdd, 0xff,
    0xff, 0xff, 0xff, 0x4c, 0x7, 0x8, 0x9b, 0xff,
    0xff, 0xff, 0xff, 0x91, 0x3b, 0xf4, 0xff, 0xff,
    0xff, 0x4c, 0xe4, 0xff, 0xff, 0xff, 0xff, 0xff,
    0xd1, 0x12, 0x0, 0x42, 0xf7, 0xff, 0xff, 0x4c,
    0xe4, 0xff, 0xff, 0xff, 0xff, 0xd7, 0x16, 0x0,
    0x0, 0x0, 0x49, 0xf9, 0xff, 0x4c, 0xe4, 0xff,
    0xff, 0xff, 0xdc, 0x1a, 0x0, 0x0,

    /* U+0064 "d" */
    0x0, 0x0, 0x0, 0x0, 0x0, 0x0, 0x0, 0x0,
    0x64, 0xff, 0xff, 0xff, 0xff, 0xcc, 0x0, 0x0,
    0x0, 0x0, 0x0, 0x0, 0x0, 0x0, 0x64, 0xff,
    0xff, 0xff, 0xff, 0xcc, 0x0, 0x0, 0x0, 0x0,
    0x0, 0x0, 0x0, 0x0, 0x64, 0xff, 0xff, 0xff,
    0xff, 0xcc, 0x0, 0x0, 0x0, 0x0, 0x0, 0x0,
    0x0, 0x0, 0x64, 0xff, 0xff, 0xff, 0xff, 0xcc,
    0x0, 0x0, 0x0, 0x0, 0x0, 0x0, 0x0, 0x0,
    0x64, 0xff, 0xff, 0xff, 0xff, 0xcc, 0x0, 0x0,
    0x8f, 0xff, 0xff, 0xff, 0xff, 0xcc, 0x64, 0xff,
    0xff, 0xff, 0xff, 0xcc, 0x0, 0x85, 0xff, 0xff,
    0xff, 0xff, 0xff, 0xcc, 0x64, 0xff, 0xff, 0xff,
    0xff, 0xcc, 0x7b, 0xff, 0xff, 0xff, 0xff, 0xff,
    0xff, 0xcc, 0x64, 0xff, 0xff, 0xff, 0xff, 0xcc,
    0xe4, 0xff, 0xff, 0xff, 0xff, 0x76, 0x3c, 0x2f,
    0x64, 0xff, 0xff, 0xff, 0xff, 0xcc, 0xe4, 0xff,
    0xff, 0xff, 0xff, 0x4c, 0x0, 0x0, 0x64, 0xff,
    0xff, 0xff, 0xff, 0xcc, 0xe4, 0xff, 0xff, 0xff,
    0xff, 0x4c, 0x0, 0x0, 0x64, 0xff, 0xff, 0xff,
    0xff, 0xcc, 0xe4, 0xff, 0xff, 0xff, 0xff, 0x4c,
    0x0, 0x0, 0x64, 0xff, 0xff, 0xff, 0xff, 0xcc,
    0xe4, 0xff, 0xff, 0xff, 0xff, 0x4c, 0x0, 0x0,
    0x64, 0xff, 0xff, 0xff, 0xff, 0xcc, 0xe4, 0xff,
    0xff, 0xff, 0xff, 0x4c, 0x0, 0x0, 0x64, 0xff,
    0xff, 0xff, 0xff, 0xcc, 0xe4, 0xff, 0xff, 0xff,
    0xff, 0x51, 0x8, 0x6, 0x64, 0xff, 0xff, 0xff,
    0xff, 0xcc, 0x7b, 0xff, 0xff, 0xff, 0xff, 0xff,
    0xff, 0xcc, 0x64, 0xff, 0xff, 0xff, 0xff, 0xcc,
    0x0, 0x85, 0xff, 0xff, 0xff, 0xff, 0xff, 0xc2,
    0x64, 0xff, 0xff, 0xff, 0xff, 0xcc, 0x0, 0x0,
    0x8f, 0xff, 0xff, 0xff, 0xe6, 0x24, 0x64, 0xff,
    0xff, 0xff, 0xff, 0xcc,

    /* U+0065 "e" */
    0x0, 0x0, 0x49, 0xf9, 0xff, 0x4c, 0xe4, 0xff,
    0xff, 0xff, 0xe0, 0x1d, 0x0, 0x0, 0x0, 0x42,
    0xf7, 0xff, 0xff, 0x4c, 0xe4, 0xff, 0xff, 0xff,
    0xff, 0xda, 0x18, 0x0, 0x3b, 0xf4, 0xff, 0xff,
    0xff, 0x4c, 0xe4, 0xff, 0xff, 0xff, 0xff, 0xff,
    0xd4, 0x13, 0xdd, 0xff, 0xff, 0xff, 0xff, 0x4c,
    0x35, 0x3c, 0x5a, 0xff, 0xff, 0xff, 0xff, 0x95,
    0xe4, 0xff, 0xff, 0xff, 0xff, 0x4c, 0x0, 0x0,
    0x28, 0xff, 0xff, 0xff, 0xff, 0x9c, 0xe4, 0xff,
    0xff, 0xff, 0xff, 0x4c, 0x39, 0x40, 0x5e, 0xff,
    0xff, 0xff, 0xff, 0x9c, 0xe4, 0xff, 0xff, 0xff,
    0xff, 0x4c, 0xe4, 0xff, 0xff, 0xff, 0xff, 0xff,
    0xff, 0x9c, 0xe4, 0xff, 0xff, 0xff, 0xff, 0x4c,
    0xe4, 0xff, 0xff, 0xff, 0xff, 0xff, 0xff, 0x9c,
    0xe4, 0xff, 0xff, 0xff, 0xff, 0x4c, 0x0, 0x0,
    0x0, 0x0, 0x0, 0x0, 0x0, 0x0, 0xde, 0xff,
    0xff, 0xff, 0xff, 0x4c, 0x7, 0x8, 0x8, 0x8,
    0x8, 0x8, 0x8, 0x0, 0x3d, 0xf5, 0xff, 0xff,
    0xff, 0x4c, 0xe4, 0xff, 0xff, 0xff, 0xff, 0xff,
    0xff, 0x14, 0x0, 0x43, 0xf7, 0xff, 0xff, 0x4c,
    0xe4, 0xff, 0xff, 0xff, 0xff, 0xff, 0xdc, 0x8,
    0x0, 0x0, 0x4a, 0xf9, 0xff, 0x4c, 0xe4, 0xff,
    0xff, 0xff, 0xff, 0xe2, 0x1f, 0x0,

    /* U+0066 "f" */
    0x0, 0x0, 0x0, 0x5, 0xae, 0xff, 0xff, 0xff,
    0xff, 0xff, 0xa0, 0x0, 0x0, 0x7, 0xb3, 0xff,
    0xff, 0xff, 0xff, 0xff, 0xff, 0xa0, 0x0, 0x9,
    0xb9, 0xff, 0xff, 0xff, 0xff, 0xff, 0xff, 0xff,
    0xa0, 0x0, 0x53, 0xff, 0xff, 0xff, 0xff, 0xe8,
    0x40, 0x40, 0x40, 0x28, 0x0, 0x54, 0xff, 0xff,
    0xff, 0xff, 0xe0, 0x0, 0x0, 0x0, 0x0, 0x8c,
    0xff, 0xff, 0xff, 0xff, 0xff, 0xe0, 0x52, 0xff,
    0xff, 0xa0, 0x8c, 0xff, 0xff, 0xff, 0xff, 0xff,
    0xe0, 0x54, 0xff, 0xff, 0xa0, 0x8c, 0xff, 0xff,
    0xff, 0xff, 0xff, 0xe0, 0x56, 0xff, 0xff, 0xa0,
    0x20, 0x7c, 0xff, 0xff, 0xff, 0xff, 0xe0, 0x14,
    0x3c, 0x3c, 0x25, 0x0, 0x54, 0xff, 0xff, 0xff,
    0xff, 0xe0, 0x0, 0x0, 0x0, 0x0, 0x0, 0x54,
    0xff, 0xff, 0xff, 0xff, 0xe0, 0x0, 0x0, 0x0,
    0x0, 0x0, 0x54, 0xff, 0xff, 0xff, 0xff, 0xe0,
    0x0, 0x0, 0x0, 0x0, 0x0, 0x54, 0xff, 0xff,
    0xff, 0xff, 0xe0, 0x0, 0x0, 0x0, 0x0, 0x0,
    0x54, 0xff, 0xff, 0xff, 0xff, 0xe0, 0x0, 0x0,
    0x0, 0x0, 0x0, 0x54, 0xff, 0xff, 0xff, 0xff,
    0xe0, 0x0, 0x0, 0x0, 0x0, 0x0, 0x54, 0xff,
    0xff, 0xff, 0xff, 0xe0, 0x0, 0x0, 0x0, 0x0,
    0x0, 0x54, 0xff, 0xff, 0xff, 0xff, 0xe0, 0x0,
    0x0, 0x0, 0x0, 0x0, 0x54, 0xff, 0xff, 0xff,
    0xff, 0xe0, 0x0, 0x0, 0x0, 0x0,

    /* U+0067 "g" */
    0x0, 0x0, 0x49, 0xf9, 0xff, 0x4c, 0xe4, 0xff,
    0xff, 0xff, 0xdc, 0x1a, 0x0, 0x0, 0x0, 0x42,
    0xf7, 0xff, 0xff, 0x4c, 0xe4, 0xff, 0xff, 0xff,
    0xff, 0xd6, 0x15, 0x0, 0x3b, 0xf4, 0xff, 0xff,
    0xff, 0x4c, 0xe4, 0xff, 0xff, 0xff, 0xff, 0xff,
    0xd1, 0x11, 0xdd, 0xff, 0xff, 0xff, 0xff, 0x4c,
    0x35, 0x3c, 0xb0, 0xff, 0xff, 0xff, 0xff, 0x91,
    0xe4, 0xff, 0xff, 0xff, 0xff, 0x4c, 0x0, 0x0,
    0x98, 0xff, 0xff, 0xff, 0xff, 0x98, 0xe4, 0xff,
    0xff, 0xff, 0xff, 0x4c, 0x0, 0x0, 0x98, 0xff,
    0xff, 0xff, 0xff, 0x98, 0xe4, 0xff, 0xff, 0xff,
    0xff, 0x4c, 0x0, 0x0, 0x98, 0xff, 0xff, 0xff,
    0xff, 0x98, 0xe4, 0xff, 0xff, 0xff, 0xff, 0x4c,
    0x0, 0x0, 0x98, 0xff, 0xff, 0xff, 0xff, 0x98,
    0xe4, 0xff, 0xff, 0xff, 0xff, 0x4c, 0x0, 0x0,
    0x98, 0xff, 0xff, 0xff, 0xff, 0x98, 0xdd, 0xff,
    0xff, 0xff, 0xff, 0x51, 0x8, 0x4, 0x98, 0xff,
    0xff, 0xff, 0xff, 0x98, 0x3b, 0xf4, 0xff, 0xff,
    0xff, 0xff, 0xff, 0x98, 0x98, 0xff, 0xff, 0xff,
    0xff, 0x98, 0x0, 0x42, 0xf7, 0xff, 0xff, 0xff,
    0xff, 0x6c, 0x98, 0xff, 0xff, 0xff, 0xff, 0x98,
    0x0, 0x0, 0x49, 0xf9, 0xff, 0xff, 0x88, 0x0,
    0x98, 0xff, 0xff, 0xff, 0xff, 0x98, 0x0, 0x0,
    0x0, 0x0, 0x0, 0x0, 0x0, 0x0, 0x98, 0xff,
    0xff, 0xff, 0xff, 0x96, 0x0, 0x0, 0xc0, 0xd4,
    0xd4, 0xd4, 0xd4, 0xd4, 0xee, 0xff, 0xff, 0xff,
    0xdc, 0x1c, 0x0, 0x0, 0xb6, 0xff, 0xff, 0xff,
    0xff, 0xff, 0xff, 0xff, 0xff, 0xdd, 0x1d, 0x0,
    0x0, 0x0, 0xb, 0xc6, 0xff, 0xff, 0xff, 0xff,
    0xff, 0xff, 0xdd, 0x1d, 0x0, 0x0,

    /* U+0068 "h" */
    0xc8, 0xff, 0xff, 0xff, 0xff, 0x68, 0x0, 0x0,
    0x0, 0x0, 0x0, 0x0, 0x0, 0x0, 0xc8, 0xff,
    0xff, 0xff, 0xff, 0x68, 0x0, 0x0, 0x0, 0x0,
    0x0, 0x0, 0x0, 0x0, 0xc8, 0xff, 0xff, 0xff,
    0xff, 0x68, 0x0, 0x0, 0x0, 0x0, 0x0, 0x0,
    0x0, 0x0, 0xc8, 0xff, 0xff, 0xff, 0xff, 0x68,
    0x0, 0x0, 0x0, 0x0, 0x0, 0x0, 0x0, 0x0,
    0xc8, 0xff, 0xff, 0xff, 0xff, 0x68, 0x0, 0x0,
    0x0, 0x0, 0x0, 0x0, 0x0, 0x0, 0xc8, 0xff,
    0xff, 0xff, 0xff, 0x68, 0x5, 0xb5, 0xff, 0xff,
    0xe8, 0x27, 0x0, 0x0, 0xc8, 0xff, 0xff, 0xff,
    0xff, 0x68, 0x9c, 0xff, 0xff, 0xff, 0xff, 0xe4,
    0x22, 0x0, 0xc8, 0xff, 0xff, 0xff, 0xff, 0x68,
    0xc8, 0xff, 0xff, 0xff, 0xff, 0xff, 0xe0, 0x1e,
    0xc8, 0xff, 0xff, 0xff, 0xff, 0x68, 0x2e, 0x3c,
    0x9e, 0xff, 0xff, 0xff, 0xff, 0xad, 0xc8, 0xff,
    0xff, 0xff, 0xff, 0x68, 0x0, 0x0, 0x80, 0xff,
    0xff, 0xff, 0xff, 0xb4, 0xc8, 0xff, 0xff, 0xff,
    0xff, 0x68, 0x0, 0x0, 0x80, 0xff, 0xff, 0xff,
    0xff, 0xb4, 0xc8, 0xff, 0xff, 0xff, 0xff, 0x68,
    0x0, 0x0, 0x80, 0xff, 0xff, 0xff, 0xff, 0xb4,
    0xc8, 0xff, 0xff, 0xff, 0xff, 0x68, 0x0, 0x0,
    0x80, 0xff, 0xff, 0xff, 0xff, 0xb4, 0xc8, 0xff,
    0xff, 0xff, 0xff, 0x68, 0x0, 0x0, 0x80, 0xff,
    0xff, 0xff, 0xff, 0xb4, 0xc8, 0xff, 0xff, 0xff,
    0xff, 0x68, 0x0, 0x0, 0x80, 0xff, 0xff, 0xff,
    0xff, 0xb4, 0xc8, 0xff, 0xff, 0xff, 0xff, 0x68,
    0x0, 0x0, 0x80, 0xff, 0xff, 0xff, 0xff, 0xb4,
    0xc8, 0xff, 0xff, 0xff, 0xff, 0x68, 0x0, 0x0,
    0x80, 0xff, 0xff, 0xff, 0xff, 0xb4, 0xc8, 0xff,
    0xff, 0xff, 0xff, 0x68, 0x0, 0x0, 0x80, 0xff,
    0xff, 0xff, 0xff, 0xb4,

    /* U+0069 "i" */
    0xc4, 0xff, 0xff, 0xff, 0xff, 0x6c, 0xc4, 0xff,
    0xff, 0xff, 0xff, 0x6c, 0xc4, 0xff, 0xff, 0xff,
    0xff, 0x6c, 0x58, 0x74, 0x74, 0x74, 0x74, 0x30,
    0x0, 0x0, 0x0, 0x0, 0x0, 0x0, 0xc4, 0xff,
    0xff, 0xff, 0xff, 0x6c, 0xc4, 0xff, 0xff, 0xff,
    0xff, 0x6c, 0xc4, 0xff, 0xff, 0xff, 0xff, 0x6c,
    0xc4, 0xff, 0xff, 0xff, 0xff, 0x6c, 0xc4, 0xff,
    0xff, 0xff, 0xff, 0x6c, 0xc4, 0xff, 0xff, 0xff,
    0xff, 0x6c, 0xc4, 0xff, 0xff, 0xff, 0xff, 0x6c,
    0xc4, 0xff, 0xff, 0xff, 0xff, 0x6c, 0xc4, 0xff,
    0xff, 0xff, 0xff, 0x6c, 0xc4, 0xff, 0xff, 0xff,
    0xff, 0x6c, 0xc4, 0xff, 0xff, 0xff, 0xff, 0x6c,
    0xc4, 0xff, 0xff, 0xff, 0xff, 0x6c, 0xc4, 0xff,
    0xff, 0xff, 0xff, 0x6c,

    /* U+006A "j" */
    0x0, 0x0, 0x0, 0xc4, 0xff, 0xff, 0xff, 0xff,
    0x68, 0x0, 0x0, 0x0, 0xc4, 0xff, 0xff, 0xff,
    0xff, 0x68, 0x0, 0x0, 0x0, 0xc4, 0xff, 0xff,
    0xff, 0xff, 0x68, 0x0, 0x0, 0x0, 0x58, 0x74,
    0x74, 0x74, 0x74, 0x2f, 0x0, 0x0, 0x0, 0x0,
    0x0, 0x0, 0x0, 0x0, 0x0, 0x0, 0x0, 0x0,
    0xc4, 0xff, 0xff, 0xff, 0xff, 0x6c, 0x0, 0x0,
    0x0, 0xc4, 0xff, 0xff, 0xff, 0xff, 0x6c, 0x0,
    0x0, 0x0, 0xc4, 0xff, 0xff, 0xff, 0xff, 0x6c,
    0x0, 0x0, 0x0, 0xc4, 0xff, 0xff, 0xff, 0xff,
    0x6c, 0x0, 0x0, 0x0, 0xc4, 0xff, 0xff, 0xff,
    0xff, 0x6c, 0x0, 0x0, 0x0, 0xc4, 0xff, 0xff,
    0xff, 0xff, 0x6c, 0x0, 0x0, 0x0, 0xc4, 0xff,
    0xff, 0xff, 0xff, 0x6c, 0x0, 0x0, 0x0, 0xc4,
    0xff, 0xff, 0xff, 0xff, 0x6c, 0x0, 0x0, 0x0,
    0xc4, 0xff, 0xff, 0xff, 0xff, 0x6c, 0x0, 0x0,
    0x0, 0xc4, 0xff, 0xff, 0xff, 0xff, 0x6c, 0x0,
    0x0, 0x0, 0xc4, 0xff, 0xff, 0xff, 0xff, 0x6c,
    0x0, 0x0, 0x0, 0xc4, 0xff, 0xff, 0xff, 0xff,
    0x6c, 0x0, 0x0, 0x0, 0xc4, 0xff, 0xff, 0xff,
    0xff, 0x6c, 0xb, 0x40, 0x40, 0xd3, 0xff, 0xff,
    0xff, 0xff, 0x64, 0x2c, 0xff, 0xff, 0xff, 0xff,
    0xff, 0xff, 0xaf, 0x4, 0x2c, 0xff, 0xff, 0xff,
    0xff, 0xff, 0xb8, 0x6, 0x0, 0x2c, 0xff, 0xff,
    0xff, 0xff, 0xc1, 0x9, 0x0, 0x0,

    /* U+006B "k" */
    0xc8, 0xff, 0xff, 0xff, 0xff, 0x68, 0x0, 0x0,
    0x0, 0x0, 0x0, 0x0, 0x0, 0x0, 0x0, 0xc8,
    0xff, 0xff, 0xff, 0xff, 0x68, 0x0, 0x0, 0x0,
    0x0, 0x0, 0x0, 0x0, 0x0, 0x0, 0xc8, 0xff,
    0xff, 0xff, 0xff, 0x68, 0x0, 0x0, 0x0, 0x0,
    0x0, 0x0, 0x0, 0x0, 0x0, 0xc8, 0xff, 0xff,
    0xff, 0xff, 0x68, 0x0, 0x0, 0x0, 0x0, 0x0,
    0x0, 0x0, 0x0, 0x0, 0xc8, 0xff, 0xff, 0xff,
    0xff, 0x68, 0x0, 0x0, 0x0, 0x0, 0x0, 0x0,
    0x0, 0x0, 0x0, 0xc8, 0xff, 0xff, 0xff, 0xff,
    0x68, 0x0, 0x0, 0xb9, 0xff, 0xff, 0xff, 0xff,
    0x9a, 0x0, 0xc8, 0xff, 0xff, 0xff, 0xff, 0x68,
    0x0, 0x5d, 0xff, 0xff, 0xff, 0xff, 0xdd, 0xc,
    0x0, 0xc8, 0xff, 0xff, 0xff, 0xff, 0x68, 0x14,
    0xeb, 0xff, 0xff, 0xff, 0xfc, 0x3a, 0x0, 0x0,
    0xc8, 0xff, 0xff, 0xff, 0xff, 0x68, 0x9e, 0xff,
    0xff, 0xff, 0xff, 0x85, 0x0, 0x0, 0x0, 0xc8,
    0xff, 0xff, 0xff, 0xff, 0x68, 0xcc, 0xff, 0xff,
    0xff, 0xce, 0x5, 0x0, 0x0, 0x0, 0xc8, 0xff,
    0xff, 0xff, 0xff, 0x68, 0xcc, 0xff, 0xff, 0xf7,
    0x2a, 0x0, 0x0, 0x0, 0x0, 0xc8, 0xff, 0xff,
    0xff, 0xff, 0x68, 0xcc, 0xff, 0xff, 0x6f, 0x72,
    0x10, 0x0, 0x0, 0x0, 0xc8, 0xff, 0xff, 0xff,
    0xff, 0x68, 0xcc, 0xff, 0xbc, 0x3b, 0xfc, 0x7f,
    0x0, 0x0, 0x0, 0xc8, 0xff, 0xff, 0xff, 0xff,
    0x68, 0xcc, 0xef, 0x2a, 0xdd, 0xff, 0xef, 0xe,
    0x0, 0x0, 0xc8, 0xff, 0xff, 0xff, 0xff, 0x68,
    0xcc, 0x5a, 0xa1, 0xff, 0xff, 0xff, 0x7c, 0x0,
    0x0, 0xc8, 0xff, 0xff, 0xff, 0xff, 0x68, 0x74,
    0x23, 0xff, 0xff, 0xff, 0xff, 0xed, 0xd, 0x0,
    0xc8, 0xff, 0xff, 0xff, 0xff, 0x68, 0x2, 0x1,
    0xe2, 0xff, 0xff, 0xff, 0xff, 0x79, 0x0, 0xc8,
    0xff, 0xff, 0xff, 0xff, 0x68, 0x0, 0x0, 0x91,
    0xff, 0xff, 0xff, 0xff, 0xec, 0xc,

    /* U+006C "l" */
    0xc8, 0xff, 0xff, 0xff, 0xff, 0x68, 0x0, 0x0,
    0xc8, 0xff, 0xff, 0xff, 0xff, 0x68, 0x0, 0x0,
    0xc8, 0xff, 0xff, 0xff, 0xff, 0x68, 0x0, 0x0,
    0xc8, 0xff, 0xff, 0xff, 0xff, 0x68, 0x0, 0x0,
    0xc8, 0xff, 0xff, 0xff, 0xff, 0x68, 0x0, 0x0,
    0xc8, 0xff, 0xff, 0xff, 0xff, 0x68, 0x0, 0x0,
    0xc8, 0xff, 0xff, 0xff, 0xff, 0x68, 0x0, 0x0,
    0xc8, 0xff, 0xff, 0xff, 0xff, 0x68, 0x0, 0x0,
    0xc8, 0xff, 0xff, 0xff, 0xff, 0x68, 0x0, 0x0,
    0xc8, 0xff, 0xff, 0xff, 0xff, 0x68, 0x0, 0x0,
    0xc8, 0xff, 0xff, 0xff, 0xff, 0x68, 0x0, 0x0,
    0xc8, 0xff, 0xff, 0xff, 0xff, 0x68, 0x0, 0x0,
    0xc8, 0xff, 0xff, 0xff, 0xff, 0x68, 0x0, 0x0,
    0xc8, 0xff, 0xff, 0xff, 0xff, 0x68, 0x0, 0x0,
    0xc7, 0xff, 0xff, 0xff, 0xff, 0x8b, 0x3c, 0x2b,
    0x4b, 0xfa, 0xff, 0xff, 0xff, 0xff, 0xff, 0xb8,
    0x0, 0x54, 0xfc, 0xff, 0xff, 0xff, 0xff, 0xb8,
    0x0, 0x0, 0x5d, 0xfd, 0xff, 0xff, 0xff, 0xb8,

    /* U+006D "m" */
    0xc8, 0xff, 0xff, 0xff, 0xff, 0x68, 0x1, 0x9d,
    0xff, 0xff, 0xff, 0xfd, 0x5b, 0x0, 0x0, 0x82,
    0xff, 0xff, 0xff, 0x94, 0x0, 0x0, 0xc8, 0xff,
    0xff, 0xff, 0xff, 0x68, 0x87, 0xff, 0xff, 0xff,
    0xff, 0xff, 0xfc, 0x49, 0x64, 0xff, 0xff, 0xff,
    0xff, 0xff, 0x89, 0x0, 0xc8, 0xff, 0xff, 0xff,
    0xff, 0x68, 0xc4, 0xff, 0xff, 0xff, 0xff, 0xff,
    0xff, 0x88, 0xa4, 0xff, 0xff, 0xff, 0xff, 0xff,
    0xff, 0x6f, 0xc8, 0xff, 0xff, 0xff, 0xff, 0x68,
    0x2d, 0x3c, 0xbc, 0xff, 0xff, 0xff, 0xff, 0x88,
    0x26, 0x3c, 0xa4, 0xff, 0xff, 0xff, 0xff, 0xa4,
    0xc8, 0xff, 0xff, 0xff, 0xff, 0x68, 0x0, 0x0,
    0xa8, 0xff, 0xff, 0xff, 0xff, 0x88, 0x0, 0x0,
    0x88, 0xff, 0xff, 0xff, 0xff, 0xa4, 0xc8, 0xff,
    0xff, 0xff, 0xff, 0x68, 0x0, 0x0, 0xa8, 0xff,
    0xff, 0xff, 0xff, 0x88, 0x0, 0x0, 0x88, 0xff,
    0xff, 0xff, 0xff, 0xa4, 0xc8, 0xff, 0xff, 0xff,
    0xff, 0x68, 0x0, 0x0, 0xa8, 0xff, 0xff, 0xff,
    0xff, 0x88, 0x0, 0x0, 0x88, 0xff, 0xff, 0xff,
    0xff, 0xa4, 0xc8, 0xff, 0xff, 0xff, 0xff, 0x68,
    0x0, 0x0, 0xa8, 0xff, 0xff, 0xff, 0xff, 0x88,
    0x0, 0x0, 0x88, 0xff, 0xff, 0xff, 0xff, 0xa4,
    0xc8, 0xff, 0xff, 0xff, 0xff, 0x68, 0x0, 0x0,
    0xa8, 0xff, 0xff, 0xff, 0xff, 0x88, 0x0, 0x0,
    0x88, 0xff, 0xff, 0xff, 0xff, 0xa4, 0xc8, 0xff,
    0xff, 0xff, 0xff, 0x68, 0x0, 0x0, 0xa8, 0xff,
    0xff, 0xff, 0xff, 0x88, 0x0, 0x0, 0x88, 0xff,
    0xff, 0xff, 0xff, 0xa4, 0xc8, 0xff, 0xff, 0xff,
    0xff, 0x68, 0x0, 0x0, 0xa8, 0xff, 0xff, 0xff,
    0xff, 0x88, 0x0, 0x0, 0x88, 0xff, 0xff, 0xff,
    0xff, 0xa4, 0xc8, 0xff, 0xff, 0xff, 0xff, 0x68,
    0x0, 0x0, 0xa8, 0xff, 0xff, 0xff, 0xff, 0x88,
    0x0, 0x0, 0x88, 0xff, 0xff, 0xff, 0xff, 0xa4,
    0xc8, 0xff, 0xff, 0xff, 0xff, 0x68, 0x0, 0x0,
    0xa8, 0xff, 0xff, 0xff, 0xff, 0x88, 0x0, 0x0,
    0x88, 0xff, 0xff, 0xff, 0xff, 0xa4,

    /* U+006E "n" */
    0xc8, 0xff, 0xff, 0xff, 0xff, 0x74, 0x0, 0x72,
    0xff, 0xff, 0xfe, 0x63, 0x0, 0x0, 0xc8, 0xff,
    0xff, 0xff, 0xff, 0x74, 0x63, 0xff, 0xff, 0xff,
    0xff, 0xfd, 0x59, 0x0, 0xc8, 0xff, 0xff, 0xff,
    0xff, 0x74, 0xb4, 0xff, 0xff, 0xff, 0xff, 0xff,
    0xfb, 0x50, 0xc8, 0xff, 0xff, 0xff, 0xff, 0x74,
    0x2a, 0x3c, 0x9a, 0xff, 0xff, 0xff, 0xff, 0xb4,
    0xc8, 0xff, 0xff, 0xff, 0xff, 0x74, 0x0, 0x0,
    0x7c, 0xff, 0xff, 0xff, 0xff, 0xb4, 0xc8, 0xff,
    0xff, 0xff, 0xff, 0x74, 0x0, 0x0, 0x7c, 0xff,
    0xff, 0xff, 0xff, 0xb4, 0xc8, 0xff, 0xff, 0xff,
    0xff, 0x74, 0x0, 0x0, 0x7c, 0xff, 0xff, 0xff,
    0xff, 0xb4, 0xc8, 0xff, 0xff, 0xff, 0xff, 0x74,
    0x0, 0x0, 0x7c, 0xff, 0xff, 0xff, 0xff, 0xb4,
    0xc8, 0xff, 0xff, 0xff, 0xff, 0x74, 0x0, 0x0,
    0x7c, 0xff, 0xff, 0xff, 0xff, 0xb4, 0xc8, 0xff,
    0xff, 0xff, 0xff, 0x74, 0x0, 0x0, 0x7c, 0xff,
    0xff, 0xff, 0xff, 0xb4, 0xc8, 0xff, 0xff, 0xff,
    0xff, 0x74, 0x0, 0x0, 0x7c, 0xff, 0xff, 0xff,
    0xff, 0xb4, 0xc8, 0xff, 0xff, 0xff, 0xff, 0x74,
    0x0, 0x0, 0x7c, 0xff, 0xff, 0xff, 0xff, 0xb4,
    0xc8, 0xff, 0xff, 0xff, 0xff, 0x74, 0x0, 0x0,
    0x7c, 0xff, 0xff, 0xff, 0xff, 0xb4,

    /* U+006F "o" */
    0x0, 0x0, 0x49, 0xf9, 0xff, 0xff, 0xb4, 0x7c,
    0xff, 0xff, 0xff, 0x76, 0x0, 0x0, 0x0, 0x0,
    0x42, 0xf7, 0xff, 0xff, 0xff, 0xb4, 0x7c, 0xff,
    0xff, 0xff, 0xff, 0x6d, 0x0, 0x0, 0x3b, 0xf4,
    0xff, 0xff, 0xff, 0xff, 0xb4, 0x7c, 0xff, 0xff,
    0xff, 0xff, 0xfe, 0x64, 0x0, 0xdd, 0xff, 0xff,
    0xff, 0xff, 0x82, 0x2a, 0x1d, 0x60, 0xff, 0xff,
    0xff, 0xff, 0xfd, 0x13, 0xe4, 0xff, 0xff, 0xff,
    0xff, 0x5c, 0x0, 0x0, 0x30, 0xff, 0xff, 0xff,
    0xff, 0xff, 0x18, 0xe4, 0xff, 0xff, 0xff, 0xff,
    0x5c, 0x0, 0x0, 0x30, 0xff, 0xff, 0xff, 0xff,
    0xff, 0x18, 0xe4, 0xff, 0xff, 0xff, 0xff, 0x5c,
    0x0, 0x0, 0x30, 0xff, 0xff, 0xff, 0xff, 0xff,
    0x18, 0xe4, 0xff, 0xff, 0xff, 0xff, 0x5c, 0x0,
    0x0, 0x30, 0xff, 0xff, 0xff, 0xff, 0xff, 0x18,
    0xe4, 0xff, 0xff, 0xff, 0xff, 0x5c, 0x0, 0x0,
    0x30, 0xff, 0xff, 0xff, 0xff, 0xff, 0x18, 0xdd,
    0xff, 0xff, 0xff, 0xff, 0x61, 0x5, 0x3, 0x36,
    0xff, 0xff, 0xff, 0xff, 0xfd, 0x13, 0x3b, 0xf4,
    0xff, 0xff, 0xff, 0xff, 0xb4, 0x7c, 0xff, 0xff,
    0xff, 0xff, 0xfe, 0x64, 0x0, 0x0, 0x42, 0xf7,
    0xff, 0xff, 0xff, 0xb4, 0x7c, 0xff, 0xff, 0xff,
    0xff, 0x6d, 0x0, 0x0, 0x0, 0x0, 0x49, 0xf9,
    0xff, 0xff, 0xb4, 0x7c, 0xff, 0xff, 0xff, 0x77,
    0x0, 0x0, 0x0,

    /* U+0070 "p" */
    0xc8, 0xff, 0xff, 0xff, 0xff, 0x68, 0x5, 0xb5,
    0xff, 0xff, 0xe8, 0x27, 0x0, 0x0, 0xc8, 0xff,
    0xff, 0xff, 0xff, 0x68, 0x9c, 0xff, 0xff, 0xff,
    0xff, 0xe4, 0x22, 0x0, 0xc8, 0xff, 0xff, 0xff,
    0xff, 0x68, 0xc8, 0xff, 0xff, 0xff, 0xff, 0xff,
    0xe0, 0x1e, 0xc8, 0xff, 0xff, 0xff, 0xff, 0x68,
    0x2e, 0x3c, 0x9e, 0xff, 0xff, 0xff, 0xff, 0xad,
    0xc8, 0xff, 0xff, 0xff, 0xff, 0x68, 0x0, 0x0,
    0x80, 0xff, 0xff, 0xff, 0xff, 0xb4, 0xc8, 0xff,
    0xff, 0xff, 0xff, 0x68, 0x0, 0x0, 0x80, 0xff,
    0xff, 0xff, 0xff, 0xb4, 0xc8, 0xff, 0xff, 0xff,
    0xff, 0x68, 0x0, 0x0, 0x80, 0xff, 0xff, 0xff,
    0xff, 0xb4, 0xc8, 0xff, 0xff, 0xff, 0xff, 0x68,
    0x0, 0x0, 0x80, 0xff, 0xff, 0xff, 0xff, 0xb4,
    0xc8, 0xff, 0xff, 0xff, 0xff, 0x68, 0x0, 0x0,
    0x80, 0xff, 0xff, 0xff, 0xff, 0xb4, 0xc8, 0xff,
    0xff, 0xff, 0xff, 0x68, 0x6, 0x8, 0x84, 0xff,
    0xff, 0xff, 0xff, 0xad, 0xc8, 0xff, 0xff, 0xff,
    0xff, 0x68, 0xc8, 0xff, 0xff, 0xff, 0xff, 0xff,
    0xe0, 0x1e, 0xc8, 0xff, 0xff, 0xff, 0xff, 0x68,
    0xc8, 0xff, 0xff, 0xff, 0xff, 0xe4, 0x22, 0x0,
    0xc8, 0xff, 0xff, 0xff, 0xff, 0x68, 0xc8, 0xff,
    0xff, 0xff, 0xe8, 0x27, 0x0, 0x0, 0xc8, 0xff,
    0xff, 0xff, 0xff, 0x68, 0x0, 0x0, 0x0, 0x0,
    0x0, 0x0, 0x0, 0x0, 0xc8, 0xff, 0xff, 0xff,
    0xff, 0x68, 0x0, 0x0, 0x0, 0x0, 0x0, 0x0,
    0x0, 0x0, 0xc8, 0xff, 0xff, 0xff, 0xff, 0x68,
    0x0, 0x0, 0x0, 0x0, 0x0, 0x0, 0x0, 0x0,
    0xc8, 0xff, 0xff, 0xff, 0xff, 0x68, 0x0, 0x0,
    0x0, 0x0, 0x0, 0x0, 0x0, 0x0,

    /* U+0071 "q" */
    0x0, 0x0, 0x46, 0xf8, 0xff, 0x4c, 0xe4, 0xff,
    0xff, 0xff, 0xdc, 0x1a, 0x0, 0x0, 0x0, 0x40,
    0xf6, 0xff, 0xff, 0x4c, 0xe4, 0xff, 0xff, 0xff,
    0xff, 0xd7, 0x16, 0x0, 0x3a, 0xf3, 0xff, 0xff,
    0xff, 0x4c, 0xe4, 0xff, 0xff, 0xff, 0xff, 0xff,
    0xd2, 0x13, 0xdd, 0xff, 0xff, 0xff, 0xff, 0x4c,
    0x35, 0x3c, 0xad, 0xff, 0xff, 0xff, 0xff, 0x95,
    0xe4, 0xff, 0xff, 0xff, 0xff, 0x4c, 0x0, 0x0,
    0x94, 0xff, 0xff, 0xff, 0xff, 0x9c, 0xe4, 0xff,
    0xff, 0xff, 0xff, 0x4c, 0x0, 0x0, 0x94, 0xff,
    0xff, 0xff, 0xff, 0x9c, 0xe4, 0xff, 0xff, 0xff,
    0xff, 0x4c, 0x0, 0x0, 0x94, 0xff, 0xff, 0xff,
    0xff, 0x9c, 0xe4, 0xff, 0xff, 0xff, 0xff, 0x4c,
    0x0, 0x0, 0x94, 0xff, 0xff, 0xff, 0xff, 0x9c,
    0xe4, 0xff, 0xff, 0xff, 0xff, 0x4c, 0x0, 0x0,
    0x94, 0xff, 0xff, 0xff, 0xff, 0x9c, 0xdd, 0xff,
    0xff, 0xff, 0xff, 0x51, 0x8, 0x4, 0x94, 0xff,
    0xff, 0xff, 0xff, 0x9c, 0x3a, 0xf3, 0xff, 0xff,
    0xff, 0xff, 0xff, 0x9c, 0x94, 0xff, 0xff, 0xff,
    0xff, 0x9c, 0x0, 0x40, 0xf6, 0xff, 0xff, 0xff,
    0xff, 0x70, 0x94, 0xff, 0xff, 0xff, 0xff, 0x9c,
    0x0, 0x0, 0x47, 0xf8, 0xff, 0xff, 0x8c, 0x0,
    0x94, 0xff, 0xff, 0xff, 0xff, 0x9c, 0x0, 0x0,
    0x0, 0x0, 0x0, 0x0, 0x0, 0x0, 0x94, 0xff,
    0xff, 0xff, 0xff, 0x9c, 0x0, 0x0, 0x0, 0x0,
    0x0, 0x0, 0x0, 0x0, 0x94, 0xff, 0xff, 0xff,
    0xff, 0x9c, 0x0, 0x0, 0x0, 0x0, 0x0, 0x0,
    0x0, 0x0, 0x73, 0xff, 0xff, 0xff, 0xff, 0x9c,
    0x0, 0x0, 0x0, 0x0, 0x0, 0x0, 0x0, 0x0,
    0x0, 0x8e, 0xff, 0xff, 0xff, 0x9c,

    /* U+0072 "r" */
    0xc8, 0xff, 0xff, 0xff, 0xff, 0x68, 0x0, 0x83,
    0xff, 0xff, 0xff, 0x85, 0x0, 0x0, 0xc8, 0xff,
    0xff, 0xff, 0xff, 0x68, 0x72, 0xff, 0xff, 0xff,
    0xff, 0xff, 0x5a, 0x0, 0xc8, 0xff, 0xff, 0xff,
    0xff, 0x68, 0xc4, 0xff, 0xff, 0xff, 0xff, 0xff,
    0xf7, 0x36, 0xc8, 0xff, 0xff, 0xff, 0xff, 0x68,
    0x2d, 0x3c, 0xaa, 0xff, 0xff, 0xff, 0xff, 0x9f,
    0xc8, 0xff, 0xff, 0xff, 0xff, 0x68, 0x0, 0x0,
    0x90, 0xff, 0xff, 0xff, 0xff, 0xa0, 0xc8, 0xff,
    0xff, 0xff, 0xff, 0x68, 0x0, 0x0, 0x90, 0xff,
    0xff, 0xff, 0xff, 0xa0, 0xc8, 0xff, 0xff, 0xff,
    0xff, 0x68, 0x0, 0x0, 0x38, 0x64, 0x64, 0x64,
    0x64, 0x3e, 0xc8, 0xff, 0xff, 0xff, 0xff, 0x68,
    0x0, 0x0, 0x0, 0x0, 0x0, 0x0, 0x0, 0x0,
    0xc8, 0xff, 0xff, 0xff, 0xff, 0x68, 0x0, 0x0,
    0x0, 0x0, 0x0, 0x0, 0x0, 0x0, 0xc8, 0xff,
    0xff, 0xff, 0xff, 0x68, 0x0, 0x0, 0x0, 0x0,
    0x0, 0x0, 0x0, 0x0, 0xc8, 0xff, 0xff, 0xff,
    0xff, 0x68, 0x0, 0x0, 0x0, 0x0, 0x0, 0x0,
    0x0, 0x0, 0xc8, 0xff, 0xff, 0xff, 0xff, 0x68,
    0x0, 0x0, 0x0, 0x0, 0x0, 0x0, 0x0, 0x0,
    0xc8, 0xff, 0xff, 0xff, 0xff, 0x68, 0x0, 0x0,
    0x0, 0x0, 0x0, 0x0, 0x0, 0x0,

    /* U+0073 "s" */
    0x0, 0x0, 0x8f, 0xff, 0xff, 0x2c, 0xff, 0xff,
    0xff, 0xff, 0xff, 0xc3, 0xb, 0x0, 0x0, 0x85,
    0xff, 0xff, 0xff, 0x2c, 0xff, 0xff, 0xff, 0xff,
    0xff, 0xff, 0xbd, 0x8, 0x7a, 0xff, 0xff, 0xff,
    0xff, 0x10, 0x60, 0x60, 0xbc, 0xff, 0xff, 0xff,
    0xff, 0x30, 0xe0, 0xff, 0xff, 0xff, 0xff, 0x0,
    0x0, 0x0, 0x39, 0x64, 0x64, 0x64, 0x64, 0x12,
    0xe0, 0xff, 0xff, 0xff, 0xff, 0x80, 0x80, 0x80,
    0x80, 0x80, 0x7e, 0x13, 0x0, 0x0, 0xa1, 0xff,
    0xff, 0xff, 0xff, 0xff, 0xff, 0xff, 0xff, 0xff,
    0xff, 0xcc, 0xe, 0x0, 0x3, 0xa9, 0xff, 0xff,
    0xff, 0xff, 0xff, 0xff, 0xff, 0xff, 0xff, 0xff,
    0xc3, 0xa, 0x0, 0x3, 0xa8, 0xff, 0xff, 0xff,
    0xff, 0xff, 0xff, 0xff, 0xff, 0xff, 0xff, 0x8d,
    0x0, 0x0, 0x0, 0x0, 0x0, 0x0, 0x0, 0x0,
    0x94, 0xff, 0xff, 0xff, 0xff, 0x9c, 0xae, 0xc4,
    0xc4, 0xc4, 0xc4, 0x3d, 0x0, 0x0, 0x94, 0xff,
    0xff, 0xff, 0xff, 0x9b, 0xb3, 0xff, 0xff, 0xff,
    0xff, 0x94, 0x64, 0x3c, 0x94, 0xff, 0xff, 0xff,
    0xea, 0x28, 0x12, 0xde, 0xff, 0xff, 0xff, 0xff,
    0xff, 0x9c, 0x94, 0xff, 0xff, 0xef, 0x30, 0x0,
    0x0, 0x2e, 0xf4, 0xff, 0xff, 0xff, 0xff, 0x9c,
    0x94, 0xff, 0xf4, 0x39, 0x0, 0x0,

    /* U+0074 "t" */
    0x0, 0x0, 0x0, 0x0, 0x0, 0x0, 0x16, 0x0,
    0x0, 0x0, 0x0, 0x0, 0x0, 0x0, 0x22, 0x7c,
    0xd7, 0xa8, 0x0, 0x0, 0x0, 0x0, 0x0, 0x43,
    0xc7, 0xff, 0xff, 0xff, 0xa8, 0x0, 0x0, 0x0,
    0x0, 0x0, 0x84, 0xff, 0xff, 0xff, 0xff, 0xa8,
    0x0, 0x0, 0x0, 0x0, 0x8c, 0xff, 0xff, 0xff,
    0xff, 0xff, 0xa8, 0x84, 0xff, 0xff, 0x44, 0x8c,
    0xff, 0xff, 0xff, 0xff, 0xff, 0xa8, 0x84, 0xff,
    0xff, 0x44, 0x8c, 0xff, 0xff, 0xff, 0xff, 0xff,
    0xa8, 0x84, 0xff, 0xff, 0x44, 0x20, 0xa1, 0xff,
    0xff, 0xff, 0xff, 0xa8, 0x1e, 0x3c, 0x3c, 0xf,
    0x0, 0x84, 0xff, 0xff, 0xff, 0xff, 0xa8, 0x0,
    0x0, 0x0, 0x0, 0x0, 0x84, 0xff, 0xff, 0xff,
    0xff, 0xa8, 0x0, 0x0, 0x0, 0x0, 0x0, 0x84,
    0xff, 0xff, 0xff, 0xff, 0xa8, 0x0, 0x0, 0x0,
    0x0, 0x0, 0x84, 0xff, 0xff, 0xff, 0xff, 0xa8,
    0x0, 0x0, 0x0, 0x0, 0x0, 0x84, 0xff, 0xff,
    0xff, 0xff, 0xa8, 0x0, 0x0, 0x0, 0x0, 0x0,
    0x7d, 0xff, 0xff, 0xff, 0xff, 0xbc, 0x3c, 0x3c,
    0x3c, 0x4, 0x0, 0xb, 0xc4, 0xff, 0xff, 0xff,
    0xff, 0xff, 0xff, 0xff, 0x14, 0x0, 0x0, 0xe,
    0xcb, 0xff, 0xff, 0xff, 0xff, 0xff, 0xff, 0x14,
    0x0, 0x0, 0x0, 0x12, 0xd1, 0xff, 0xff, 0xff,
    0xff, 0xff, 0x14,

    /* U+0075 "u" */
    0xe4, 0xff, 0xff, 0xff, 0xff, 0x4c, 0x0, 0x0,
    0x94, 0xff, 0xff, 0xff, 0xff, 0x9c, 0xe4, 0xff,
    0xff, 0xff, 0xff, 0x4c, 0x0, 0x0, 0x94, 0xff,
    0xff, 0xff, 0xff, 0x9c, 0xe4, 0xff, 0xff, 0xff,
    0xff, 0x4c, 0x0, 0x0, 0x94, 0xff, 0xff, 0xff,
    0xff, 0x9c, 0xe4, 0xff, 0xff, 0xff, 0xff, 0x4c,
    0x0, 0x0, 0x94, 0xff, 0xff, 0xff, 0xff, 0x9c,
    0xe4, 0xff, 0xff, 0xff, 0xff, 0x4c, 0x0, 0x0,
    0x94, 0xff, 0xff, 0xff, 0xff, 0x9c, 0xe4, 0xff,
    0xff, 0xff, 0xff, 0x4c, 0x0, 0x0, 0x94, 0xff,
    0xff, 0xff, 0xff, 0x9c, 0xe4, 0xff, 0xff, 0xff,
    0xff, 0x4c, 0x0, 0x0, 0x94, 0xff, 0xff, 0xff,
    0xff, 0x9c, 0xe4, 0xff, 0xff, 0xff, 0xff, 0x4c,
    0x0, 0x0, 0x94, 0xff, 0xff, 0xff, 0xff, 0x9c,
    0xe4, 0xff, 0xff, 0xff, 0xff, 0x4c, 0x0, 0x0,
    0x94, 0xff, 0xff, 0xff, 0xff, 0x9c, 0xdd, 0xff,
    0xff, 0xff, 0xff, 0x76, 0x3c, 0x24, 0x94, 0xff,
    0xff, 0xff, 0xff, 0x9c, 0x3a, 0xf3, 0xff, 0xff,
    0xff, 0xff, 0xff, 0x9c, 0x94, 0xff, 0xff, 0xff,
    0xff, 0x9c, 0x0, 0x40, 0xf6, 0xff, 0xff, 0xff,
    0xff, 0x6d, 0x94, 0xff, 0xff, 0xff, 0xff, 0x9c,
    0x0, 0x0, 0x47, 0xf8, 0xff, 0xff, 0x92, 0x0,
    0x94, 0xff, 0xff, 0xff, 0xff, 0x9c,

    /* U+0076 "v" */
    0xa, 0xf3, 0xff, 0xff, 0xff, 0xff, 0x27, 0x0,
    0x0, 0x0, 0xdb, 0xff, 0xff, 0xff, 0xf0, 0x7,
    0x0, 0xa3, 0xff, 0xff, 0xff, 0xff, 0x7e, 0x0,
    0x0, 0x2b, 0xff, 0xff, 0xff, 0xff, 0xa0, 0x0,
    0x0, 0x47, 0xff, 0xff, 0xff, 0xff, 0xd5, 0x0,
    0x0, 0x7b, 0xff, 0xff, 0xff, 0xff, 0x48, 0x0,
    0x0, 0x3, 0xe8, 0xff, 0xff, 0xff, 0xff, 0x2c,
    0x0, 0xca, 0xff, 0xff, 0xff, 0xec, 0x4, 0x0,
    0x0, 0x0, 0x90, 0xff, 0xff, 0xff, 0xff, 0x83,
    0x1a, 0xfe, 0xff, 0xff, 0xff, 0x99, 0x0, 0x0,
    0x0, 0x0, 0x34, 0xff, 0xff, 0xff, 0xff, 0xda,
    0x4a, 0xff, 0xff, 0xff, 0xff, 0x41, 0x0, 0x0,
    0x0, 0x0, 0x0, 0xd8, 0xff, 0xff, 0xff, 0xff,
    0x3c, 0xf5, 0xff, 0xff, 0xe6, 0x2, 0x0, 0x0,
    0x0, 0x0, 0x0, 0x7d, 0xff, 0xff, 0xff, 0xff,
    0x88, 0xab, 0xff, 0xff, 0x91, 0x0, 0x0, 0x0,
    0x0, 0x0, 0x0, 0x21, 0xff, 0xff, 0xff, 0xff,
    0xdf, 0x55, 0xff, 0xff, 0x3a, 0x0, 0x0, 0x0,
    0x0, 0x0, 0x0, 0x0, 0xc5, 0xff, 0xff, 0xff,
    0xff, 0x40, 0xf4, 0xe1, 0x1, 0x0, 0x0, 0x0,
    0x0, 0x0, 0x0, 0x0, 0x6a, 0xff, 0xff, 0xff,
    0xff, 0x8d, 0xa8, 0x8a, 0x0, 0x0, 0x0, 0x0,
    0x0, 0x0, 0x0, 0x0, 0x13, 0xfa, 0xff, 0xff,
    0xff, 0xe3, 0x53, 0x33, 0x0, 0x0, 0x0, 0x0,
    0x0, 0x0, 0x0, 0x0, 0x0, 0xb2, 0xff, 0xff,
    0xff, 0xff, 0x41, 0x0, 0x0, 0x0, 0x0, 0x0,

    /* U+0077 "w" */
    0xb, 0xf5, 0xff, 0xff, 0xff, 0xeb, 0x2, 0x0,
    0x0, 0x83, 0xff, 0xff, 0xff, 0xff, 0x5b, 0x0,
    0x0, 0x2f, 0xff, 0xff, 0xff, 0xff, 0xa0, 0x0,
    0xa9, 0xff, 0xff, 0xff, 0xff, 0x3a, 0x0, 0x0,
    0x31, 0xff, 0xff, 0xff, 0xff, 0xaa, 0x0, 0x0,
    0x74, 0xff, 0xff, 0xff, 0xff, 0x4b, 0x0, 0x51,
    0xff, 0xff, 0xff, 0xff, 0x87, 0x0, 0x0, 0x42,
    0xdd, 0xff, 0xff, 0xff, 0xf2, 0x6, 0x0, 0xba,
    0xff, 0xff, 0xff, 0xef, 0x6, 0x0, 0x7, 0xf0,
    0xff, 0xff, 0xff, 0xd4, 0x0, 0x30, 0xb0, 0x8c,
    0xff, 0xff, 0xff, 0xff, 0x48, 0x8, 0xf6, 0xff,
    0xff, 0xff, 0xa0, 0x0, 0x0, 0x0, 0xa1, 0xff,
    0xff, 0xff, 0xff, 0x21, 0x7e, 0xf6, 0x43, 0xff,
    0xff, 0xff, 0xff, 0x97, 0x44, 0xff, 0xff, 0xff,
    0xff, 0x4b, 0x0, 0x0, 0x0, 0x49, 0xff, 0xff,
    0xff, 0xff, 0x6e, 0xcd, 0xff, 0x51, 0xe5, 0xff,
    0xff, 0xff, 0xe5, 0x5a, 0xff, 0xff, 0xff, 0xef,
    0x6, 0x0, 0x0, 0x0, 0x4, 0xeb, 0xff, 0xff,
    0xff, 0xd3, 0xff, 0xff, 0x9f, 0x94, 0xff, 0xff,
    0xff, 0xff, 0x46, 0xfa, 0xff, 0xff, 0xa0, 0x0,
    0x0, 0x0, 0x0, 0x0, 0x99, 0xff, 0xff, 0xff,
    0xff, 0xff, 0xff, 0xeb, 0x45, 0xff, 0xff, 0xff,
    0xff, 0x84, 0xbc, 0xff, 0xff, 0x4b, 0x0, 0x0,
    0x0, 0x0, 0x0, 0x41, 0xff, 0xff, 0xff, 0xff,
    0xff, 0xff, 0xf3, 0xa, 0xeb, 0xff, 0xff, 0xff,
    0xd3, 0x6c, 0xff, 0xef, 0x6, 0x0, 0x0, 0x0,
    0x0, 0x0, 0x2, 0xe6, 0xff, 0xff, 0xff, 0xff,
    0xff, 0xae, 0x0, 0x9d, 0xff, 0xff, 0xff, 0xff,
    0x3f, 0xff, 0xa0, 0x0, 0x0, 0x0, 0x0, 0x0,
    0x0, 0x0, 0x91, 0xff, 0xff, 0xff, 0xff, 0xff,
    0x62, 0x0, 0x4a, 0xff, 0xff, 0xff, 0xff, 0x71,
    0xcc, 0x4b, 0x0, 0x0, 0x0, 0x0, 0x0, 0x0,
    0x0, 0x39, 0xff, 0xff, 0xff, 0xff, 0xfe, 0x17,
    0x0, 0x6, 0xf1, 0xff, 0xff, 0xff, 0xc0, 0x6b,
    0x6, 0x0, 0x0, 0x0, 0x0, 0x0, 0x0, 0x0,
    0x0, 0xdf, 0xff, 0xff, 0xff, 0xca, 0x0, 0x0,
    0x0, 0xa5, 0xff, 0xff, 0xff, 0xfc, 0x16, 0x0,
    0x0, 0x0, 0x0,

    /* U+0078 "x" */
    0x6, 0xd4, 0xff, 0xff, 0xff, 0xff, 0x8d, 0x0,
    0x20, 0xfb, 0xff, 0xff, 0xff, 0xfe, 0x38, 0x0,
    0x39, 0xfd, 0xff, 0xff, 0xff, 0xfc, 0x33, 0x94,
    0xff, 0xff, 0xff, 0xff, 0x9d, 0x0, 0x0, 0x0,
    0x93, 0xff, 0xff, 0xff, 0xff, 0xcf, 0x51, 0xff,
    0xff, 0xff, 0xee, 0x15, 0x0, 0x0, 0x0, 0xc,
    0xe2, 0xff, 0xff, 0xff, 0xff, 0x76, 0xaa, 0xff,
    0xff, 0x69, 0x0, 0x0, 0x0, 0x0, 0x0, 0x4b,
    0xff, 0xff, 0xff, 0xff, 0xf6, 0x3b, 0xee, 0xcd,
    0x2, 0x0, 0x0, 0x0, 0x0, 0x0, 0x0, 0xa8,
    0xff, 0xff, 0xff, 0xff, 0xbb, 0x62, 0x38, 0x0,
    0x0, 0x0, 0x0, 0x0, 0x0, 0x0, 0x1c, 0xed,
    0xff, 0xff, 0xff, 0xff, 0x5f, 0x0, 0x0, 0x0,
    0x0, 0x0, 0x0, 0x0, 0x1f, 0xb2, 0x61, 0xff,
    0xff, 0xff, 0xff, 0xec, 0x15, 0x0, 0x0, 0x0,
    0x0, 0x0, 0x0, 0xa6, 0xff, 0x5f, 0xbc, 0xff,
    0xff, 0xff, 0xff, 0xa5, 0x0, 0x0, 0x0, 0x0,
    0x0, 0x36, 0xfe, 0xff, 0xec, 0x38, 0xf6, 0xff,
    0xff, 0xff, 0xff, 0x48, 0x0, 0x0, 0x0, 0x0,
    0xc4, 0xff, 0xff, 0xff, 0xa5, 0x76, 0xff, 0xff,
    0xff, 0xff, 0xe0, 0xb, 0x0, 0x0, 0x55, 0xff,
    0xff, 0xff, 0xff, 0xe6, 0x6, 0xce, 0xff, 0xff,
    0xff, 0xff, 0x8e, 0x0, 0x6, 0xdd, 0xff, 0xff,
    0xff, 0xff, 0x77, 0x0, 0x32, 0xfc, 0xff, 0xff,
    0xff, 0xfc, 0x35,

    /* U+0079 "y" */
    0x9, 0xf0, 0xff, 0xff, 0xff, 0xff, 0x2b, 0x0,
    0x0, 0x0, 0xb0, 0xff, 0xff, 0xff, 0xff, 0x47,
    0x0, 0x95, 0xff, 0xff, 0xff, 0xff, 0x82, 0x0,
    0x0, 0x14, 0xfa, 0xff, 0xff, 0xff, 0xe5, 0x3,
    0x0, 0x30, 0xff, 0xff, 0xff, 0xff, 0xd9, 0x0,
    0x0, 0x6e, 0xff, 0xff, 0xff, 0xff, 0x89, 0x0,
    0x0, 0x0, 0xcc, 0xff, 0xff, 0xff, 0xff, 0x31,
    0x0, 0xcd, 0xff, 0xff, 0xff, 0xff, 0x2b, 0x0,
    0x0, 0x0, 0x68, 0xff, 0xff, 0xff, 0xff, 0x89,
    0x2c, 0xff, 0xff, 0xff, 0xff, 0xcb, 0x0, 0x0,
    0x0, 0x0, 0xe, 0xf4, 0xff, 0xff, 0xff, 0x9c,
    0x8b, 0xff, 0xff, 0xff, 0xff, 0x6c, 0x0, 0x0,
    0x0, 0x0, 0x0, 0x9f, 0xff, 0xff, 0xff, 0x47,
    0xe6, 0xff, 0xff, 0xff, 0xfa, 0x13, 0x0, 0x0,
    0x0, 0x0, 0x0, 0x3a, 0xff, 0xff, 0xe7, 0x4c,
    0xff, 0xff, 0xff, 0xff, 0xae, 0x0, 0x0, 0x0,
    0x0, 0x0, 0x0, 0x0, 0xd5, 0xff, 0x91, 0xa8,
    0xff, 0xff, 0xff, 0xff, 0x4f, 0x0, 0x0, 0x0,
    0x0, 0x0, 0x0, 0x0, 0x71, 0xff, 0x47, 0xf7,
    0xff, 0xff, 0xff, 0xeb, 0x5, 0x0, 0x0, 0x0,
    0x0, 0x0, 0x0, 0x0, 0x13, 0xd6, 0x67, 0xff,
    0xff, 0xff, 0xff, 0x91, 0x0, 0x0, 0x0, 0x0,
    0x0, 0x0, 0x0, 0x0, 0x0, 0x33, 0xc5, 0xff,
    0xff, 0xff, 0xff, 0x32, 0x0, 0x0, 0x0, 0x0,
    0x0, 0x0, 0x0, 0x0, 0x0, 0x24, 0xff, 0xff,
    0xff, 0xff, 0xd3, 0x0, 0x0, 0x0, 0x0, 0x0,
    0x0, 0x0, 0x0, 0x0, 0x0, 0x83, 0xff, 0xff,
    0xff, 0xff, 0x74, 0x0, 0x0, 0x0, 0x0, 0x0,
    0x0, 0x0, 0x0, 0x0, 0x1, 0xe0, 0xff, 0xff,
    0xff, 0xfc, 0x19, 0x0, 0x0, 0x0, 0x0, 0x0,
    0x0, 0x0, 0x0, 0x0, 0x41, 0xff, 0xff, 0xff,
    0xff, 0xb6, 0x0, 0x0, 0x0, 0x0, 0x0, 0x0,
    0x0, 0x0, 0x0, 0x0, 0xa0, 0xff, 0xff, 0xff,
    0xff, 0x57, 0x0, 0x0, 0x0, 0x0, 0x0, 0x0,

    /* U+007A "z" */
    0xd4, 0xff, 0xff, 0xff, 0xff, 0xff, 0xbc, 0x4c,
    0xfc, 0xff, 0xff, 0xb8, 0xd4, 0xff, 0xff, 0xff,
    0xff, 0xdb, 0x38, 0xef, 0xff, 0xff, 0xff, 0xb8,
    0xd4, 0xff, 0xff, 0xff, 0xf0, 0x37, 0xd8, 0xff,
    0xff, 0xff, 0xff, 0xb8, 0x31, 0x3c, 0x3c, 0x3c,
    0x25, 0xb7, 0xff, 0xff, 0xff, 0xff, 0xff, 0x78,
    0x0, 0x0, 0x0, 0x0, 0x8c, 0xff, 0xff, 0xff,
    0xff, 0xff, 0xa7, 0x0, 0x0, 0x0, 0x0, 0x5e,
    0xff, 0xff, 0xff, 0xff, 0xff, 0xc8, 0x8, 0x0,
    0x0, 0x0, 0x37, 0xf8, 0xff, 0xff, 0xff, 0xff,
    0xe2, 0x18, 0x0, 0x0, 0x0, 0x1a, 0xe6, 0xff,
    0xff, 0xff, 0xff, 0xf4, 0x30, 0x0, 0x0, 0x0,
    0x8, 0xca, 0xff, 0xff, 0xff, 0xff, 0xfd, 0x4f,
    0x0, 0x0, 0x0, 0x0, 0xa2, 0xff, 0xff, 0xff,
    0xff, 0xff, 0x76, 0x34, 0x3c, 0x3c, 0x3c, 0x2c,
    0xf0, 0xff, 0xff, 0xff, 0xff, 0xa0, 0x64, 0xff,
    0xff, 0xff, 0xff, 0xbc, 0xf0, 0xff, 0xff, 0xff,
    0xc3, 0x49, 0xfa, 0xff, 0xff, 0xff, 0xff, 0xbc,
    0xf0, 0xff, 0xff, 0xde, 0x3c, 0xef, 0xff, 0xff,
    0xff, 0xff, 0xff, 0xbc,

    /* U+007B "{" */
    0x0, 0x0, 0x0, 0x3, 0xab, 0xff, 0xff, 0xff,
    0xb4, 0x0, 0x0, 0x1, 0xa1, 0xff, 0xff, 0xff,
    0xff, 0xb4, 0x0, 0x0, 0x97, 0xff, 0xff, 0xff,
    0xff, 0xff, 0xb4, 0x0, 0x45, 0xff, 0xff, 0xff,
    0xff, 0xd5, 0x3c, 0x2a, 0x0, 0x4c, 0xff, 0xff,
    0xff, 0xff, 0xc8, 0x0, 0x0, 0x0, 0x4c, 0xff,
    0xff, 0xff, 0xff, 0xc8, 0x0, 0x0, 0x0, 0x4c,
    0xff, 0xff, 0xff, 0xff, 0xc8, 0x0, 0x0, 0x0,
    0x4c, 0xff, 0xff, 0xff, 0xff, 0xc8, 0x0, 0x0,
    0x1, 0xa9, 0xff, 0xff, 0xff, 0xfc, 0x5c, 0x0,
    0x0, 0x8c, 0xff, 0xff, 0xff, 0xff, 0x65, 0x0,
    0x0, 0x0, 0x8c, 0xff, 0xff, 0xff, 0xff, 0xae,
    0x0, 0x0, 0x0, 0x1, 0xaa, 0xff, 0xff, 0xff,
    0xff, 0x73, 0x0, 0x0, 0x0, 0x4c, 0xff, 0xff,
    0xff, 0xff, 0xc8, 0x0, 0x0, 0x0, 0x4c, 0xff,
    0xff, 0xff, 0xff, 0xc8, 0x0, 0x0, 0x0, 0x4c,
    0xff, 0xff, 0xff, 0xff, 0xc8, 0x0, 0x0, 0x0,
    0x4c, 0xff, 0xff, 0xff, 0xff, 0xc8, 0x0, 0x0,
    0x0, 0x44, 0xff, 0xff, 0xff, 0xff, 0xd6, 0x40,
    0x2d, 0x0, 0x0, 0x95, 0xff, 0xff, 0xff, 0xff,
    0xff, 0xb4, 0x0, 0x0, 0x1, 0xa0, 0xff, 0xff,
    0xff, 0xff, 0xb4, 0x0, 0x0, 0x0, 0x3, 0xaa,
    0xff, 0xff, 0xff, 0xb4,

    /* U+007C "|" */
    0x37, 0xbc, 0xbc, 0x60, 0x4c, 0xff, 0xff, 0x84,
    0x4c, 0xff, 0xff, 0x84, 0x4c, 0xff, 0xff, 0x84,
    0x4c, 0xff, 0xff, 0x84, 0x4c, 0xff, 0xff, 0x84,
    0x4c, 0xff, 0xff, 0x84, 0x4c, 0xff, 0xff, 0x84,
    0x4c, 0xff, 0xff, 0x84, 0x4c, 0xff, 0xff, 0x84,
    0x4c, 0xff, 0xff, 0x84, 0x4c, 0xff, 0xff, 0x84,
    0x4c, 0xff, 0xff, 0x84, 0x4c, 0xff, 0xff, 0x84,
    0x4c, 0xff, 0xff, 0x84, 0x4c, 0xff, 0xff, 0x84,
    0x4c, 0xff, 0xff, 0x84, 0x4c, 0xff, 0xff, 0x84,
    0x4c, 0xff, 0xff, 0x84, 0x4c, 0xff, 0xff, 0x84,

    /* U+007D "}" */
    0x40, 0xff, 0xff, 0xff, 0xef, 0x31, 0x0, 0x0,
    0x0, 0x0, 0x40, 0xff, 0xff, 0xff, 0xff, 0xeb,
    0x2b, 0x0, 0x0, 0x0, 0x40, 0xff, 0xff, 0xff,
    0xff, 0xff, 0xe6, 0x24, 0x0, 0x0, 0xf, 0x3c,
    0x7c, 0xff, 0xff, 0xff, 0xff, 0xb9, 0x0, 0x0,
    0x0, 0x0, 0x54, 0xff, 0xff, 0xff, 0xff, 0xc0,
    0x0, 0x0, 0x0, 0x0, 0x54, 0xff, 0xff, 0xff,
    0xff, 0xc0, 0x0, 0x0, 0x0, 0x0, 0x54, 0xff,
    0xff, 0xff, 0xff, 0xc0, 0x0, 0x0, 0x0, 0x0,
    0x54, 0xff, 0xff, 0xff, 0xff, 0xc0, 0x0, 0x0,
    0x0, 0x0, 0x14, 0xd1, 0xff, 0xff, 0xff, 0xf1,
    0x2d, 0x0, 0x0, 0x0, 0x0, 0x13, 0xde, 0xff,
    0xff, 0xff, 0xe3, 0x1b, 0x0, 0x0, 0x0, 0x3e,
    0xfc, 0xff, 0xff, 0xff, 0xe3, 0x1b, 0x0, 0x0,
    0x18, 0xe7, 0xff, 0xff, 0xff, 0xf2, 0x2d, 0x0,
    0x0, 0x0, 0x54, 0xff, 0xff, 0xff, 0xff, 0xc0,
    0x0, 0x0, 0x0, 0x0, 0x54, 0xff, 0xff, 0xff,
    0xff, 0xc0, 0x0, 0x0, 0x0, 0x0, 0x54, 0xff,
    0xff, 0xff, 0xff, 0xc0, 0x0, 0x0, 0x0, 0x0,
    0x54, 0xff, 0xff, 0xff, 0xff, 0xc0, 0x0, 0x0,
    0x10, 0x40, 0x7f, 0xff, 0xff, 0xff, 0xff, 0xb8,
    0x0, 0x0, 0x40, 0xff, 0xff, 0xff, 0xff, 0xff,
    0xe5, 0x23, 0x0, 0x0, 0x40, 0xff, 0xff, 0xff,
    0xff, 0xeb, 0x2a, 0x0, 0x0, 0x0, 0x40, 0xff,
    0xff, 0xff, 0xf0, 0x31, 0x0, 0x0, 0x0, 0x0,

    /* U+007E "~" */
    0x0, 0x0, 0x38, 0xe9, 0xec, 0xec, 0xec, 0xe6,
    0x37, 0x0, 0x0, 0x0, 0x0, 0x0, 0x0, 0x0,
    0x0, 0x10, 0xe0, 0xff, 0xff, 0xff, 0xff, 0xff,
    0xec, 0x28, 0x0, 0x0, 0x0, 0x42, 0x7a, 0x0,
    0x0, 0xad, 0xff, 0xff, 0xff, 0xff, 0xff, 0xff,
    0xff, 0xe0, 0x1a, 0x0, 0x6d, 0xfb, 0xf2, 0x13,
    0x65, 0xff, 0xe8, 0x3f, 0x0, 0x7c, 0xff, 0xff,
    0xff, 0xff, 0xec, 0xdc, 0xff, 0xff, 0x5a, 0x0,
    0x24, 0xad, 0x19, 0x0, 0x0, 0x0, 0x92, 0xff,
    0xff, 0xff, 0xff, 0xff, 0xff, 0x9e, 0x0, 0x0,
    0x0, 0x0, 0x0, 0x0, 0x0, 0x0, 0x1, 0xa7,
    0xff, 0xff, 0xff, 0xff, 0xd7, 0xb, 0x0, 0x0
};

/*---------------------
 *  GLYPH DESCRIPTION
 *--------------------*/

static const lv_font_fmt_txt_glyph_dsc_t glyph_dsc[] = {
    {.bitmap_index = 0, .adv_w = 0, .box_w = 0, .box_h = 0, .ofs_x = 0, .ofs_y = 0} /* id = 0 reserved */,
    {.bitmap_index = 0, .adv_w = 99, .box_w = 0, .box_h = 0, .ofs_x = 0, .ofs_y = 0},
    {.bitmap_index = 0, .adv_w = 141, .box_w = 7, .box_h = 16, .ofs_x = 1, .ofs_y = 0},
    {.bitmap_index = 112, .adv_w = 255, .box_w = 12, .box_h = 9, .ofs_x = 2, .ofs_y = 7},
    {.bitmap_index = 220, .adv_w = 319, .box_w = 16, .box_h = 16, .ofs_x = 2, .ofs_y = 0},
    {.bitmap_index = 476, .adv_w = 327, .box_w = 16, .box_h = 20, .ofs_x = 2, .ofs_y = -2},
    {.bitmap_index = 796, .adv_w = 449, .box_w = 26, .box_h = 21, .ofs_x = 1, .ofs_y = -3},
    {.bitmap_index = 1342, .adv_w = 312, .box_w = 18, .box_h = 16, .ofs_x = 1, .ofs_y = 0},
    {.bitmap_index = 1630, .adv_w = 145, .box_w = 5, .box_h = 9, .ofs_x = 2, .ofs_y = 7},
    {.bitmap_index = 1675, .adv_w = 183, .box_w = 8, .box_h = 20, .ofs_x = 2, .ofs_y = -2},
    {.bitmap_index = 1835, .adv_w = 183, .box_w = 8, .box_h = 20, .ofs_x = 1, .ofs_y = -2},
    {.bitmap_index = 1995, .adv_w = 261, .box_w = 14, .box_h = 13, .ofs_x = 1, .ofs_y = 5},
    {.bitmap_index = 2177, .adv_w = 270, .box_w = 13, .box_h = 14, .ofs_x = 2, .ofs_y = 1},
    {.bitmap_index = 2359, .adv_w = 138, .box_w = 6, .box_h = 7, .ofs_x = 1, .ofs_y = -3},
    {.bitmap_index = 2401, .adv_w = 235, .box_w = 11, .box_h = 3, .ofs_x = 2, .ofs_y = 6},
    {.bitmap_index = 2434, .adv_w = 138, .box_w = 6, .box_h = 4, .ofs_x = 1, .ofs_y = 0},
    {.bitmap_index = 2458, .adv_w = 140, .box_w = 11, .box_h = 20, .ofs_x = -1, .ofs_y = -2},
    {.bitmap_index = 2678, .adv_w = 281, .box_w = 16, .box_h = 16, .ofs_x = 1, .ofs_y = 0},
    {.bitmap_index = 2934, .adv_w = 219, .box_w = 12, .box_h = 16, .ofs_x = 1, .ofs_y = 0},
    {.bitmap_index = 3126, .adv_w = 275, .box_w = 15, .box_h = 16, .ofs_x = 1, .ofs_y = 0},
    {.bitmap_index = 3366, .adv_w = 280, .box_w = 16, .box_h = 16, .ofs_x = 1, .ofs_y = 0},
    {.bitmap_index = 3622, .adv_w = 261, .box_w = 16, .box_h = 16, .ofs_x = 0, .ofs_y = 0},
    {.bitmap_index = 3878, .adv_w = 281, .box_w = 15, .box_h = 16, .ofs_x = 1, .ofs_y = 0},
    {.bitmap_index = 4118, .adv_w = 281, .box_w = 16, .box_h = 16, .ofs_x = 1, .ofs_y = 0},
    {.bitmap_index = 4374, .adv_w = 244, .box_w = 15, .box_h = 16, .ofs_x = 0, .ofs_y = 0},
    {.bitmap_index = 4614, .adv_w = 289, .box_w = 16, .box_h = 16, .ofs_x = 1, .ofs_y = 0},
    {.bitmap_index = 4870, .adv_w = 281, .box_w = 16, .box_h = 16, .ofs_x = 1, .ofs_y = 0},
    {.bitmap_index = 5126, .adv_w = 138, .box_w = 6, .box_h = 13, .ofs_x = 1, .ofs_y = 0},
    {.bitmap_index = 5204, .adv_w = 138, .box_w = 6, .box_h = 16, .ofs_x = 1, .ofs_y = -3},
    {.bitmap_index = 5300, .adv_w = 270, .box_w = 13, .box_h = 11, .ofs_x = 2, .ofs_y = 2},
    {.bitmap_index = 5443, .adv_w = 270, .box_w = 13, .box_h = 10, .ofs_x = 2, .ofs_y = 3},
    {.bitmap_index = 5573, .adv_w = 270, .box_w = 13, .box_h = 11, .ofs_x = 2, .ofs_y = 2},
    {.bitmap_index = 5716, .adv_w = 264, .box_w = 16, .box_h = 16, .ofs_x = 0, .ofs_y = 0},
    {.bitmap_index = 5972, .adv_w = 297, .box_w = 17, .box_h = 16, .ofs_x = 1, .ofs_y = 0},
    {.bitmap_index = 6244, .adv_w = 281, .box_w = 18, .box_h = 16, .ofs_x = 0, .ofs_y = 0},
    {.bitmap_index = 6532, .adv_w = 280, .box_w = 16, .box_h = 16, .ofs_x = 1, .ofs_y = 0},
    {.bitmap_index = 6788, .adv_w = 270, .box_w = 15, .box_h = 16, .ofs_x = 1, .ofs_y = 0},
    {.bitmap_index = 7028, .adv_w = 279, .box_w = 16, .box_h = 16, .ofs_x = 1, .ofs_y = 0},
    {.bitmap_index = 7284, .adv_w = 265, .box_w = 15, .box_h = 16, .ofs_x = 1, .ofs_y = 0},
    {.bitmap_index = 7524, .adv_w = 249, .box_w = 15, .box_h = 16, .ofs_x = 1, .ofs_y = 0},
    {.bitmap_index = 7764, .adv_w = 280, .box_w = 16, .box_h = 16, .ofs_x = 1, .ofs_y = 0},
    {.bitmap_index = 8020, .adv_w = 284, .box_w = 16, .box_h = 16, .ofs_x = 1, .ofs_y = 0},
    {.bitmap_index = 8276, .adv_w = 169, .box_w = 9, .box_h = 16, .ofs_x = 1, .ofs_y = 0},
    {.bitmap_index = 8420, .adv_w = 257, .box_w = 15, .box_h = 16, .ofs_x = 0, .ofs_y = 0},
    {.bitmap_index = 8660, .adv_w = 257, .box_w = 16, .box_h = 16, .ofs_x = 1, .ofs_y = 0},
    {.bitmap_index = 8916, .adv_w = 239, .box_w = 14, .box_h = 16, .ofs_x = 1, .ofs_y = 0},
    {.bitmap_index = 9140, .adv_w = 347, .box_w = 20, .box_h = 17, .ofs_x = 1, .ofs_y = -1},
    {.bitmap_index = 9480, .adv_w = 283, .box_w = 16, .box_h = 16, .ofs_x = 1, .ofs_y = 0},
    {.bitmap_index = 9736, .adv_w = 274, .box_w = 16, .box_h = 16, .ofs_x = 1, .ofs_y = 0},
    {.bitmap_index = 9992, .adv_w = 274, .box_w = 16, .box_h = 16, .ofs_x = 1, .ofs_y = 0},
    {.bitmap_index = 10248, .adv_w = 273, .box_w = 16, .box_h = 21, .ofs_x = 1, .ofs_y = -5},
    {.bitmap_index = 10584, .adv_w = 279, .box_w = 16, .box_h = 16, .ofs_x = 1, .ofs_y = 0},
    {.bitmap_index = 10840, .adv_w = 277, .box_w = 16, .box_h = 16, .ofs_x = 1, .ofs_y = 0},
    {.bitmap_index = 11096, .adv_w = 236, .box_w = 15, .box_h = 16, .ofs_x = 0, .ofs_y = 0},
    {.bitmap_index = 11336, .adv_w = 280, .box_w = 16, .box_h = 16, .ofs_x = 1, .ofs_y = 0},
    {.bitmap_index = 11592, .adv_w = 257, .box_w = 18, .box_h = 16, .ofs_x = -1, .ofs_y = 0},
    {.bitmap_index = 11880, .adv_w = 362, .box_w = 24, .box_h = 16, .ofs_x = -1, .ofs_y = 0},
    {.bitmap_index = 12264, .adv_w = 252, .box_w = 18, .box_h = 16, .ofs_x = -1, .ofs_y = 0},
    {.bitmap_index = 12552, .adv_w = 243, .box_w = 17, .box_h = 16, .ofs_x = -1, .ofs_y = 0},
    {.bitmap_index = 12824, .adv_w = 238, .box_w = 15, .box_h = 16, .ofs_x = 0, .ofs_y = 0},
    {.bitmap_index = 13064, .adv_w = 183, .box_w = 7, .box_h = 20, .ofs_x = 3, .ofs_y = -2},
    {.bitmap_index = 13204, .adv_w = 140, .box_w = 11, .box_h = 20, .ofs_x = -1, .ofs_y = -2},
    {.bitmap_index = 13424, .adv_w = 183, .box_w = 8, .box_h = 20, .ofs_x = 1, .ofs_y = -2},
    {.bitmap_index = 13584, .adv_w = 242, .box_w = 12, .box_h = 13, .ofs_x = 2, .ofs_y = 1},
    {.bitmap_index = 13740, .adv_w = 250, .box_w = 19, .box_h = 3, .ofs_x = -2, .ofs_y = -5},
    {.bitmap_index = 13797, .adv_w = 206, .box_w = 9, .box_h = 6, .ofs_x = 1, .ofs_y = 14},
    {.bitmap_index = 13851, .adv_w = 250, .box_w = 14, .box_h = 13, .ofs_x = 1, .ofs_y = 0},
    {.bitmap_index = 14033, .adv_w = 253, .box_w = 14, .box_h = 18, .ofs_x = 1, .ofs_y = 0},
    {.bitmap_index = 14285, .adv_w = 248, .box_w = 14, .box_h = 13, .ofs_x = 1, .ofs_y = 0},
    {.bitmap_index = 14467, .adv_w = 256, .box_w = 14, .box_h = 18, .ofs_x = 1, .ofs_y = 0},
    {.bitmap_index = 14719, .adv_w = 250, .box_w = 14, .box_h = 13, .ofs_x = 1, .ofs_y = 0},
    {.bitmap_index = 14901, .adv_w = 170, .box_w = 11, .box_h = 18, .ofs_x = 0, .ofs_y = 0},
    {.bitmap_index = 15099, .adv_w = 251, .box_w = 14, .box_h = 17, .ofs_x = 1, .ofs_y = -4},
    {.bitmap_index = 15337, .adv_w = 254, .box_w = 14, .box_h = 18, .ofs_x = 1, .ofs_y = 0},
    {.bitmap_index = 15589, .adv_w = 122, .box_w = 6, .box_h = 18, .ofs_x = 1, .ofs_y = 0},
    {.bitmap_index = 15697, .adv_w = 122, .box_w = 9, .box_h = 22, .ofs_x = -2, .ofs_y = -4},
    {.bitmap_index = 15895, .adv_w = 246, .box_w = 15, .box_h = 18, .ofs_x = 1, .ofs_y = 0},
    {.bitmap_index = 16165, .adv_w = 141, .box_w = 8, .box_h = 18, .ofs_x = 1, .ofs_y = 0},
    {.bitmap_index = 16309, .adv_w = 381, .box_w = 22, .box_h = 13, .ofs_x = 1, .ofs_y = 0},
    {.bitmap_index = 16595, .adv_w = 254, .box_w = 14, .box_h = 13, .ofs_x = 1, .ofs_y = 0},
    {.bitmap_index = 16777, .adv_w = 259, .box_w = 15, .box_h = 13, .ofs_x = 1, .ofs_y = 0},
    {.bitmap_index = 16972, .adv_w = 253, .box_w = 14, .box_h = 17, .ofs_x = 1, .ofs_y = -4},
    {.bitmap_index = 17210, .adv_w = 253, .box_w = 14, .box_h = 17, .ofs_x = 1, .ofs_y = -4},
    {.bitmap_index = 17448, .adv_w = 236, .box_w = 14, .box_h = 13, .ofs_x = 1, .ofs_y = 0},
    {.bitmap_index = 17630, .adv_w = 247, .box_w = 14, .box_h = 13, .ofs_x = 1, .ofs_y = 0},
    {.bitmap_index = 17812, .adv_w = 175, .box_w = 11, .box_h = 17, .ofs_x = 0, .ofs_y = 0},
    {.bitmap_index = 17999, .adv_w = 253, .box_w = 14, .box_h = 13, .ofs_x = 1, .ofs_y = 0},
    {.bitmap_index = 18181, .adv_w = 224, .box_w = 16, .box_h = 13, .ofs_x = -1, .ofs_y = 0},
    {.bitmap_index = 18389, .adv_w = 346, .box_w = 23, .box_h = 13, .ofs_x = -1, .ofs_y = 0},
    {.bitmap_index = 18688, .adv_w = 214, .box_w = 15, .box_h = 13, .ofs_x = -1, .ofs_y = 0},
    {.bitmap_index = 18883, .adv_w = 229, .box_w = 16, .box_h = 17, .ofs_x = -1, .ofs_y = -4},
    {.bitmap_index = 19155, .adv_w = 220, .box_w = 12, .box_h = 13, .ofs_x = 1, .ofs_y = 0},
    {.bitmap_index = 19311, .adv_w = 183, .box_w = 9, .box_h = 20, .ofs_x = 1, .ofs_y = -2},
    {.bitmap_index = 19491, .adv_w = 131, .box_w = 4, .box_h = 20, .ofs_x = 2, .ofs_y = -2},
    {.bitmap_index = 19571, .adv_w = 183, .box_w = 10, .box_h = 20, .ofs_x = 1, .ofs_y = -2},
    {.bitmap_index = 19771, .adv_w = 280, .box_w = 16, .box_h = 6, .ofs_x = 1, .ofs_y = 4}
};

/*---------------------
 *  CHARACTER MAPPING
 *--------------------*/

/*Collect the unicode lists and glyph_id offsets*/
static const lv_font_fmt_txt_cmap_t cmaps[] =
{
    {
        .range_start = 32, .range_length = 95, .glyph_id_start = 1,
        .unicode_list = NULL, .glyph_id_ofs_list = NULL, .list_length = 0, .type = LV_FONT_FMT_TXT_CMAP_FORMAT0_TINY
    }
};

/*--------------------
 *  ALL CUSTOM DATA
 *--------------------*/

#if LVGL_VERSION_MAJOR == 8
/*Store all the custom data of the font*/
static  lv_font_fmt_txt_glyph_cache_t cache;
#endif

#if LVGL_VERSION_MAJOR >= 8
static const lv_font_fmt_txt_dsc_t font_dsc = {
#else
static lv_font_fmt_txt_dsc_t font_dsc = {
#endif
    .glyph_bitmap = glyph_bitmap,
    .glyph_dsc = glyph_dsc,
    .cmaps = cmaps,
    .kern_dsc = NULL,
    .kern_scale = 0,
    .cmap_num = 1,
    .bpp = 8,
    .kern_classes = 0,
    .bitmap_format = 0,
#if LVGL_VERSION_MAJOR == 8
    .cache = &cache
#endif
};

/*-----------------
 *  PUBLIC FONT
 *----------------*/

/*Initialize a public general font descriptor*/
#if LVGL_VERSION_MAJOR >= 8
const lv_font_t ui_font_robot_fonts24 = {
#else
lv_font_t ui_font_robot_fonts24 = {
#endif
    .get_glyph_dsc = lv_font_get_glyph_dsc_fmt_txt,    /*Function pointer to get glyph's data*/
    .get_glyph_bitmap = lv_font_get_bitmap_fmt_txt,    /*Function pointer to get glyph's bitmap*/
    .line_height = 25,          /*The maximum line height required by the font*/
    .base_line = 5,             /*Baseline measured from the bottom of the line*/
#if !(LVGL_VERSION_MAJOR == 6 && LVGL_VERSION_MINOR == 0)
    .subpx = LV_FONT_SUBPX_NONE,
#endif
#if LV_VERSION_CHECK(7, 4, 0) || LVGL_VERSION_MAJOR >= 8
    .underline_position = -2,
    .underline_thickness = 2,
#endif
    .dsc = &font_dsc,          /*The custom font data. Will be accessed by `get_glyph_bitmap/dsc` */
#if LV_VERSION_CHECK(8, 2, 0) || LVGL_VERSION_MAJOR >= 9
    .fallback = NULL,
#endif
    .user_data = NULL,
};

#endif /*#if UI_FONT_ROBOT_FONTS24*/